nome,classe
's Chosen,person
AND Wylis,other
Acting Hand of the King,other
Aegon I Targaryen,other
Aegon Targaryen,person
Aegon V,person
Aegon the Conquer,other
Aegon the Conqueror,other
Aemon Sam,person
Aemon Targaryen,person
Aeron Greyjoy,person
Aerys Targaryen,person
Aerys the Lannisters,other
Aggo,other
Ahko,other
Akho,other
Alayne,other
Alchemists ' Guild,other
Alliser,person
Alliser Thorne,person
Alton Lannister,person
Amory,other
Amory Lorch,other
Anara,other
Anguy,other
Anya Waynwood,person
Anyone,other
Arbor,other
Areo,other
Areo Hotah,other
Armeca,other
Army of the Dead,other
Arry,other
Arryn,other
Arthur,person
Arthur Dayne,person
Arya Stark,person
Arya/Lanna,other
Ask,other
Asshai,other
Astapor,other
At Karl,other
At Robb,other
Aunt Lyanna,other
Axell Florent,person
Baelish,other
Baelish At Winterfell,other
Baelor,other
Baelor the Blessed,other
Balon Greyjoy,person
Balon King of the Iron Islands,other
Bank,other
Bannen,other
Banners,other
Baratheon,other
Baratheons,other
Barra,other
Barristan,person
Barristan Selmy,person
Bastard 's Girls,other
Battle,other
Battle of Ashford,other
Battle of Castle Black,other
Battle of Oxcross,other
Battle of Stone Mill,other
Battle of the Blackwater,place
Battle of the Fist of the First Men,other
Battle of the Trident,other
Battle of the Whispering Wood,other
Bear Island,other
Belicho Paenymion,other
Benjen Stark,person
Beric,person
Beric Dondarrion,person
Bert,other
Beyond,other
Beyond the Wall,other
Bianca,other
Biter,other
Black Cells,other
Black Cliffs,other
Black Rat,other
Black Walder,other
Black Walder Rivers,other
Blackfish,other
Blackmont,person
Blackwater,other
Blackwater Bay,other
Bloody Gate,other
Bloody Gate of the Eyrie,other
Bolton,other
Boltons,other
Book of Brothers,other
Boros Blount of the Kingsguard,person
Bowen,other
Bowen Marsh,other
Boy,other
Braavos,place
Braavosi,other
Braavosi Water Dancer,other
Braavosi-style,other
Bran Stark,person
Brandon,other
Brandon the Builder,other
Brienne,other
Brienne of Tarth,other
Broken Tower,other
Bronn,other
Bronn of the Blackwater,person
Brother Lancel,other
Brotherhood,other
Brotherhood Without Banners,other
Brothers,other
Brusco,other
Brynden Tully,person
Caleotte,person
Calla,other
Capital,other
Captain,other
Casterly Rock,place
Castle,other
Castle Black,place
Castle Black of the White Walker,other
Castle Stokeworth,other
Cat,other
Catelyn Stark,person
Cersei Lannister,person
Cerwyn,person
Cerwyns,other
Chamber of the Painted Table,other
Children,other
Children of the Forest,other
Citadel,other
City Watch,other
Clegane,other
Cleon,other
Commander,other
Commander of the City Watch,other
Commander of the Shadow Tower,other
Common Tongue,other
Common Tongue of Westeros,other
Conclave,other
Corbray,other
Council,other
Crag,other
Crane,person
Craster,other
Craster 's Keep,place
Crasters Keep,other
Cressen,person
Cripples,other
Crossroads,other
Crossroads Inn,other
Crow,other
Crown,other
Crown Prince Rhaegar Targaryen,other
Crownlands,other
Daario,other
Daario Naharis,other
Daenarys,other
Daenerys 's Unsullied,other
Daenerys Stormborn,other
Daenerys Stormborn of House Targaryen,other
Daenerys Targaryen,person
Daenerys the Unburnt,other
Daenerys',other
Dagmer,other
Dagmer Cleftjaw,other
Daisy,other
Dance of the Dragons,other
Dany,other
Dany 's Dothraki,other
Davos,other
Davos An History of Aegon the Conqueror,other
Davos Seaworth,other
Dayne,other
Daznak 's Pit,other
Deepwood Motte,other
Denys Mallister,other
Direwolves,other
Dolorous Edd,other
Dondarrion,other
Donnel Waynwood,person
Dontos,other
Dontos Hollard,person
Doom of Valyria,other
Doran Martell,person
Doran Martell of Dorne,person
Doreah,other
Dorne,place
Dornish,other
Dornish Lords,other
Dosh,other
Dothraki,other
Dracarys,other
Dragon,other
Dragon Queen,other
Dragonglass,other
Dragons,other
Dragonstone,place
Dreadfort,other
Drogo,other
Drogon,other
Drowned God,other
Drowned Priest,other
Duncan the Tall,person
Duur,other
East,other
Eastern Road,other
Eastwatch-by-the-Sea,other
Edd,other
Eddard Stark,person
Eddison,other
Eddison Tollett,other
Edmure Tully,person
Egen,other
Egg,other
Elia Martell,person
Ellaria,other
Ellaria Sand,other
Elliaria,other
Eraz,other
Essence of Nightshade,other
Essos,other
Estermont,other
Euron Greyjoy,person
Eyrie,place
Eyrie 's High Hall,other
Faceless Man,other
Faceless Men,other
Faith,other
Faith Militant,other
Faith of the Seven,other
Father,other
Fennesz,other
Fine,other
Fingers,other
First Builder,other
First Builder Othell Yarwyck,other
First Men,other
First Ranger,other
First Ranger of the Night 's Watch,other
First Sword of Braavos,other
First of His Name,other
Fist,other
Fist of the First Men,place
Flea Bottom,other
Flowers,other
For the Watch,other
Free Cities,place
Free City of Braavos,other
Free City of Qohor,other
Free City of Volantis,other
Free Folk,other
Frey,other
Freys,other
Frostfangs,other
Fuck the King,other
Garden of Bones,other
Gardens,other
Gared,other
Gendry,other
Genna,other
Gerold,person
Gerold Hightower,person
Ghezn,other
Ghis,other
Ghiscari,other
Ghost,other
Gift,other
Gilly,other
Gilly the Dragonglass,other
Glover,other
Glovers,other
Gods,other
Gods ' Laws,other
Gods Eye,other
Godswood,other
Gold Cloaks,other
Gold Dragons,other
Good Masters,other
Good Masters of Astapor,other
Grand Maester Kaeth,other
Grand Maester Munkun,other
Grand Maester Pycelle,other
Great,other
Great Hall,other
Great Houses,other
Great Khal,other
Great Masters,other
Great Other,other
Great Pit,other
Great Pit of Daznak,other
Great Pyramid,other
Great Ranging,other
Great Sept,other
Great Sept of Baelor,place
Greatjon Umber,person
Green Fork of Trident River,other
Green Fork of the River Trident,other
Greensight,other
Gregor Clegane,person
Grenn,other
Grey Wind,other
Grey Worm,other
Greyguard,other
Greyjoy,other
Greyjoy Rebellion,other
Greyjoys,other
Greyscale,other
Growing Strong,other
Half-brother,other
Halfhand,other
Hall of Faces,other
Hallyne,other
Hand,other
Hand of the King,other
Hands,other
Harald Karstark,person
Hardhome,other
Harpy,other
Harpy 's Son,other
Harrenhal,place
Haunted Forest,other
Heart,other
Heward,other
High Priestess of the Dosh Khaleen,other
High Priestess of the Red Temple of Volantis,other
High Red Priestess,other
High Septon,other
High Septon of the Faith of the Seven,other
High Sparrow,other
High Valyrian,other
Highgarden,other
Hill,other
His Conquest of Westeros,other
Hizdahr,other
Hobb,other
Hodor,other
Hollow Hill,other
Horn Hill,other
Hoster Tully,person
Hot Pie,other
Hotah,other
Hound,other
House,other
House Arryn,house
House Baelish,house
House Baratheon,house
House Baratheon of Dragonstone,house
House Bolton,house
House Clegane,house
House Florent,house
House Frey,house
House Greyjoy,house
House Karstark,house
House Lannister,house
House Martell,house
House Martell of Dorne,house
House Mormont,house
House Reyne of Castamere,house
House Stark,house
House Targaryen,house
House Tarth,house
House Tully,house
House Tyrell,house
House Tyrell of the Reach,house
House Umber,house
House of Black,place
House of the Undying,other
Houses Jon,other
Houses Lannister,person
Houses Reyne,person
Houses Targaryen,person
Howland,other
Howland Reed,person
Hugh,person
Hugh of the Vale,person
Ice,other
Ice Cells,other
Iggo,other
Illyrio,other
Illyrio Mopatis,other
Ilyn,person
Ilyn Payne,person
Imp,other
In the Westerlands,other
Inn,other
Iron,other
Iron Bank,other
Iron Bank of Braavos,other
Iron Fleet,other
Iron Islands,other
Iron Throne,place
Ironborn,other
Irri,other
Jafer Flowers,other
Jaime 's Dornish,other
Jaime Lannister,person
Jaime Lannister of the Kingsguard,person
Jamie,other
Janos,other
Janos Slynt,other
Jaqen,other
Jaqen H'ghar,other
Jeor Mormont,person
Jeor Mormont of the Night 's Watch,person
Jhiqui,other
Joanna,other
Joffrey Baratheon,person
Jojen,other
Jojen Reed,other
Jon Arryn,person
Jon Sn,other
Jon Snow,other
Jon Stark,person
Jon Umber,person
Jorah Mormont,person
Jory,other
Jory Cassel,other
Joyeuse,other
Karhold,other
Karl,other
Karl Tanner,other
Karlon Stark,person
Karsi,other
Karstark,other
Karstarks,other
Kayla,other
Keep,other
Kevan Lannister,person
Khal,other
Khalasar,other
Khaleesi,other
Khals,other
King,other
King 's Guard,other
King 's Hand,other
King 's Landing,place
King of Westeros,other
King of the Iron Islands,other
King's Landing,other
King-Beyond-the-Wall,other
King-Beyond-the-Wall Mance Rayder,other
Kingdom,other
Kingdoms,other
Kings Landing,other
Kingsguard,other
Kingslayer,other
Kingsmoot,other
Kingsroad,other
Kingswood,other
Kinslaying,other
Kinvara,other
Kovarro,other
Kraznys,other
Kraznys The Unsullied,other
Ladies,other
Lady,other
Lady of Bear Island,other
Lame Lothar,other
Lancel Lannister,person
Lanna,other
Lannister,other
Lannister Monster,other
Lannister-Tyrell,other
Lannister/Tyrell,other
Lannisters,other
Last Hearth,other
Leaf,other
Lhara,other
Lhazar,other
Lhazareen,other
Liberation of Slaver 's Bay,other
Littefinger,other
Little Bird,other
Little Sam,other
Littlefinger,other
Lives of Four Kings,other
Loboda,other
Locke,other
Lollys,other
Lollys Stokeworth,other
Lommy,other
Lommy Greenhands,other
Long Bridge,other
Long Bridge of Volantis,other
Long Night,other
Longclaw,other
Loraq,other
Loras Tyrell,person
Lorch,other
Lord,other
Lord Commander,other
Lord Commander of Robert Baratheon 's Kingsguard,other
Lord Commander of the King 's Landing City Watch,other
Lord Commander of the Kingsguard,other
Lord Commander of the Night 's Watch,other
Lord of Bones,other
Lord of Harrenhal,other
Lord of Light,place
Lord of Riverrun,other
Lord of Winterfell,other
Lord of the Seven Kingdoms,other
Lord of the Vale,other
Lords,other
Lords Walder Frey,other
Lordsport,other
Lorren,other
Lothar Frey,person
Low Valyrian,other
Luwin,person
Lyanna Mormont,person
Lyanna Stark,person
Lys,other
Lysa Arryn,person
Lysa Tully,person
Lysene,other
M'Lord,other
Mace Tyrell,person
Mad King,other
Mad King Aerys Targaryen,other
Maegor 's Holdfast,other
Maester,other
Maester of the Watch,other
Maesters,other
Mag,other
Mag Mar Tun Doh Weg,other
Mag the Mighty,other
Maggy,other
Magister Illyrio Mopatis,other
Magister Illyrio Mopatis of Pentos,other
Mago,other
Maiden Fair,other
Malko,other
Mance,other
Mance Rayder,other
Mandon,person
Mandon Moore,person
Mandon Moore of the Kingsguard,person
Many-Faced God,other
Marei,other
Margaery Tyrell,person
Marillion,other
Martell,other
Martells,other
Martyn Lannister,person
Master Mighdal,other
Master of Coin,other
Master of Coin Mace Tyrell,other
Master of Laws,other
Master of Ships,other
Master of War,other
Master of Whisperers,other
Masters,other
Matthos,other
Matthos Seaworth,other
Mazins,other
Meera,other
Meera Reed,other
Meereen,place
Meereenese,other
Meereenese Great Masters,other
Meereenese Knot,other
Meerenese Pit Fighter,other
Melara,other
Melara Hetherspoon,other
Melisandre,place
Melisandre 's God,other
Mero,other
Meryn,person
Meryn Trant,person
Meryn Trant Ser Meryn Trant,other
Meryn Trant of the Kingsguard,person
Mhaegen,other
Mighdal,other
Mikken,other
Milk of the Poppy,other
Mirri Maz Duur,other
Missandei,other
Missandei Daenerys,other
Missandei of Naath,other
Moat Cailin,other
Mole 's Town,other
Moon Door,other
Mord,other
Mordane,person
Mormont,other
Mormonts,other
Moro,person
Mossador,other
Mother,other
Mother of Dragons,other
Mott,other
Mountain,other
Mountain That Rides,other
Mud Gate,other
Mummer 's Ford,other
Mutiny,other
My Lord,other
Mycah,other
Myr,other
Myranda,other
Myrcella 's Lannister,other
Myrcella Baratheon,person
Myrnada,other
Naath,other
Nakloz,other
Narrow Sea,other
Neck,other
Ned Stark,person
Needle,other
New,other
Night 's Watch,place
Night 's Watchman,other
Night King,other
Night Lands,other
Nightfort,other
Nights Watch,other
No One,other
North,place
North Robb Stark,other
Northeners,other
Northern,other
Northern Lords,other
Northerners,other
Northmen,other
Norvosi,other
Not Theon,other
Nym,other
Nymeria,other
Nymeria Sand,other
Oathkeeper,other
Obara,other
Obara Sand,other
Oberyn Martell,person
Old,other
Old Bear,other
Old Ghiscari,other
Old Gods,other
Old Gods of the Forest,other
Old Nan,other
Old Tongue,other
Old Valyria,other
Oldtown,other
Olenna Tyrell,person
Olly,other
Olyvar Frey,person
Onion Knight,other
Order of Maesters,other
Orell,other
Ornela,other
Orson Lannister,person
Osha,other
Othell Yarwyck,other
Othor,other
Oxcross,other
Paramount of the Vale,person
Pentos,place
Pentoshi,other
Petyr Baelish,person
Piggy,other
Pit,other
Pits,other
Planky Town,other
Pod,other
Podrick,other
Podrick Payne,other
Podrick Payne of Stannis,other
Polliver,other
Pree,other
Prendahl,other
Priestess,other
Prince,other
Prince of Dorne,other
Prologue,other
Protector of the Realm,other
Pyat,other
Pyat Pree,other
Pycelle,other
Pyke,other
Pyp,other
Pypar,other
Qaggaz,other
Qarth,other
Qartheen,other
Qhorin,other
Qhorin Halfhand,other
Qotho,other
Quaithe,other
Quaithe of Asshai,other
Queen,other
Queen Regent,other
Queen of Meereen,other
Queensgard,other
Queensguard,other
Qyburn,other
Qyburn Grand Maester,other
R'hllor,other
Rains of Castamere,other
Rakharo,other
Ralf Kenning,other
Ramsay Bolton,person
Ramsay Snow,other
Ran,other
Randyll,other
Randyll Tarly,person
Rast,other
Rat Cook,other
Raven,other
Rayder,other
Razdal,other
Reach,other
Red Comet,other
Red Flea,other
Red Fork of the Trident,other
Red Fork of the Trident River,other
Red Keep,place
Red Priest,other
Red Priestess,other
Red Priestess Melisandre,other
Red Waste,other
Red Wedding,other
Reed,other
Reeds,other
Reek,other
Regent,other
Renly Baratheon,person
Rennick,other
Rhaegal,other
Rhaegar Targaryen,person
Rhaego,other
Rhaenyra Targaryen,person
Rhaenys,other
Rickard Karstark,person
Rickard Stark,person
Rickon Stark,person
Riverlands,place
Riverlords,other
Rivermen,other
Riverrun,place
Robb Stark,person
Robert 's Rebellion,other
Robert Baratheon,person
Robin Arryn,person
Rodrik,person
Rodrik Cassel,person
Roose Bolton,person
Roose Bolton of the Dreadfort,person
Rorge,other
Ros,other
Roslin Frey,person
Royal,other
Royal Fleet,other
Royce,other
Runestone,other
Sack of King 's Landing,other
Sack of Winterfell,other
Salladhor,other
Salladhor Saan,other
Salt Throne,other
Sam,place
Samwell,other
Samwell Tarly,other
Sand Snakes,other
Sandor Clegane,person
Sands,other
Sansa Meanwhile,other
Sansa Robb,other
Sansa Stark,person
Sansa the Moon Door,other
Sapphire Isle,other
Savior of the City,other
Savo,other
Second Sons,other
Selmy,other
Selwyn Tarth,person
Selwyn of Tarth,person
Selyse Baratheon,person
Sept,other
Septas,other
Septon,other
Seven,other
Seven Kingdoms,other
Seven-Pointed Star,other
Shadow,other
Shadow Lands,other
Shadow-creature,other
Shae,other
Shagga,other
Shaggydog,other
Shireen 's Greyscale,other
Shireen Baratheon,person
Shireen of House Baratheon,person
Siege of Old Wyk,other
Siege of Pyke,other
Sight,other
Silent Sisters,other
Sissy,other
Skirling Pass,other
Slaver 's Bay,place
Slavers Bay,other
Slynt,other
Small Council,other
Smalljon Umber,person
Smoking Sea,other
Snow,person
Son of the Harpy,other
Sons,other
Sons of the Harpy,other
South,other
Southerners,other
Sparrow,other
Sparrows,other
Spice King,other
Spies,other
Stallion Who Mounts the World,other
Stannis Baratheon,person
Stannis',other
Stark,other
Stark Valyrian,other
Stark of Winterfell,other
Starks,other
Steelshanks,other
Stone Men,other
Stone Mill,other
Stonemen,other
Stony Shore,other
Storm 's End,other
Stormlands,other
Styr,other
Sumai,other
Summer,other
Summer Isles,other
Sunspear,other
Sweetrobin Arryn,person
Sword of the Morning,other
Sworn Brothers,other
Syrio,other
Syrio Forel,other
Talisa,other
Talisa Maegyr,other
Talisa of Volantis,other
Targaryen,other
Targaryen Conquest,other
Targaryen Kingsguard,other
Targaryens,other
Tarly,other
Tarth,other
Tears of Lys,other
Temple of the Dosh Khaleen,other
Temple of the Graces,other
The Bank,other
The Battle of Oxcross,other
The Battle of the Whispering Wood,other
The Bear,other
The Blackfish,other
The Bloody Hand,other
The Boltons,other
The Book of the Stranger,other
The Brotherhood,other
The Children of the Forest,other
The Citadel,other
The City Watch,other
The Dance of the Dragons,other
The Dornishman 's Wife,other
The Dothraki,other
The Drowned Men,other
The Eyrie,other
The Faceless Man,other
The Faith Militant,other
The Father,other
The Fingers,other
The Free Folk,other
The Freys,other
The Greatjon,other
The Hand,other
The High Septon,other
The High Septon of the Faith of the Seven,other
The High Sparrow,other
The Hodor,other
The Hound,other
The Imp,other
The Ironborn,other
The Khal,other
The King,other
The King-Beyond-the-Wall 's Camp,other
The Kingsguard,other
The Lannister,person
The Lannisters,other
The Long Farewell,other
The Long Night,other
The Lord Commander,other
The Lord of Bones,other
The Lord of Light,other
The Maester,other
The Mountain,other
The Night 's Watch,other
The Night King,other
The Northern,other
The Northerners,other
The Norvosi,other
The Pentoshi,other
The Prince That Was Promised,other
The Rains of Castamere,other
The Red Priestess,other
The Reeds,other
The Sand Snakes,other
The Second Sons,other
The Shadow Tower,other
The Sight,other
The Sons,other
The Sons of the Harpy,other
The Stallion That Mounts The World,other
The Stark,person
The Starks,other
The Stormcrows,other
The Thirteen,other
The Three-eyed,other
The Three-eyed Raven,other
The Tickler,other
The Twins,other
The Tyrell,person
The Tyrells,other
The Umbers,other
The Unsullied,other
The Vale,other
The Waif,other
The Waif In Braavos,other
The Walker,other
The Wall,other
The War of the Five Kings,other
The Water Dancer,other
The White Walker,other
The White Walkers,other
The Wildlings,other
Thenn,other
Thenns,other
Theon Greyjoy,person
Thin,other
Thin Man,other
Thirteen,other
Thorne,other
Thoros,other
Thoros of Myr,other
Three-Eyed Raven,other
Three-eyed,other
Three-eyed Raven,other
Throne,other
Tickler,other
Titan 's Bastard,other
Titan of Braavos,other
Tobho Mott,other
Tommen Baratheon,person
Tormund,other
Tormund Giantsbane,other
Torrhen 's Square,other
Torrhen Karstark,person
Tourney of the Hand,other
Tower,other
Tower of Joy,other
Tower of the Hand,other
Townshall,other
Trant,other
Trident,other
Trystane Martell,person
Trystane Martell Jaime,other
Tully,other
Tullys,other
Twins,other
Tycho,other
Tycho Nestoris,other
Tyene,other
Tyene Sand,other
Tyrell,other
Tyrells,other
Tyrion Lannister,person
Tysha,other
Tywin Lannister,person
Umber,other
Umbers,other
Uncle Benjen,other
Unella,person
Unsullied,other
Vaes Dothrak,other
Vala,other
Valahd,other
Valar Morghulis,other
Vale,place
Vale of Arryn,other
Valyria,other
Valyrian,other
Vance Corbray,person
Vardis,other
Vardis Egen,person
Varys,place
Vhagar,other
Viper,other
Viserion,other
Viserys Targaryen,person
Volantene,other
Volantis,other
Waif,other
Walda Bolton,person
Walder Frey,person
Walk of Punishment,other
Walker,other
Walkers,other
Wall,place
Wall the Night 's Watch,other
War of the Five Kings,other
Warden of the North,other
Warlocks of Qarth,other
Watch,other
Water Dancer,other
Water Dancing,other
Water Gardens,other
Waymar,person
Waymar Royce,person
Waynwood,other
We Do Not Sow,other
Weirwood,other
Weirwoods,other
Westerlands,other
Westeros,place
Westerosi,other
Westoros,other
Whent of Harrenhal,person
Whispering Wood,other
White,other
White Harbor,other
White Rat,other
White Sword Tower,other
White Walker,other
White Walkers,other
Who Lost the North,person
Widow 's Wail,other
Wights,other
Wildfire,other
Wildling,other
Wildlings,other
Will,other
Willas Bracken,person
Willem Lannister,person
Winter,other
Winterfell,place
Wisdom Hallyne,other
Wise,other
Wise Masters,other
Wise Masters of Yunkai,other
Wolfswood,other
Wolkan,person
Woods,other
Wun Wun,other
Wyl,other
Wylis,other
Wylla,other
X-shaped,other
Xaro,other
Xaro Xhoan Daxos,other
Xaro the King of Qarth,other
Yara Greyjoy,person
Yarwyck,other
Yezzan,other
Ygritte,other
Yohn,person
Yohn Royce,person
Yoren,other
Yoren of the Night 's Watch,other
Your Grace,other
Yunkai,other
Yunkai'i Wise Master Razdal,other
Zalla,other
