Jaime Lannister, letting, Locke
Jaime Lannister, go, Locke
Locke, threatening, Jaime Lannister
Tyrion Lannister, being, Jaime Lannister
Tyrion Lannister, opened, Jaime Lannister
Jaime Lannister, has, Tyrion Lannister
Jaime Lannister, orchestrated, Tyrion Lannister
Balon Greyjoy, attack, North
North, fighting, House Lannister
Cersei Lannister, obey, Robert Baratheon
Euron Greyjoy, is, Yara Greyjoy
Shireen Baratheon, gain, Lord of Light
Tyrion Lannister, find, Jorah Mormont
Tyrion Lannister, steal, Jorah Mormont
Jaime Lannister, killed, Mad King
Jon Snow, tries, Dagmer
Jon Snow, rally, Dagmer
Mance Rayder, set, Westeros
Mance Rayder, give, Westeros
Karstark, says, Robb Stark
Talisa, throwing, House Frey
Talisa, forge, House Frey
Talisa, needed, House Frey
Talisa, breaking, House Frey
Talisa, enter, House Frey
Orell, swing, Ygritte
Orell, saving, Ygritte
Brandon, runs, Myranda
Illyrio, approve, Daenerys Targaryen
Qyburn, spy, Varys
Eddard Stark, take, Eddard Stark
Grey Worm, grinning, Yunkai
Umber, carrying, Shaggydog
Theon Greyjoy, kills, Bolton
Bran Stark, be, King 's Guard
Jon Stark, leave, Mormont
Mormont, has, Night 's Watch
Mormont, sworn, Night 's Watch
Sansa Stark, look, Stannis Baratheon
Sansa Stark, saying, Stannis Baratheon
Sansa Stark, is, Stannis Baratheon
Sansa Stark, made, Stannis Baratheon
Littlefinger, used, Tyrion Lannister
Littlefinger, be, Tyrion Lannister
Mad King, granting, Jaime Lannister
Mad King, burn, Jaime Lannister
Aerys Targaryen, make, Eddard Stark
Aerys Targaryen, concluding, Eddard Stark
Royce, regarding, Sansa Stark
Brienne, says, Loras Tyrell
Brienne, does, Loras Tyrell
Brienne, care, Loras Tyrell
Tyrion Lannister, climbing, Wall
Pod, has, Shae
Pod, been, Shae
Reed, find, Three-eyed
Meereen, dies, Tyrion Lannister
Meereen, needs, Tyrion Lannister
Jon Stark, settle, Qhorin
Jon Stark, hoping, Qhorin
Jon Stark, link, Qhorin
Loboda, contacting, White Walker
Davos, offers, Hand of the King
Jorah Mormont, loved, Dothraki
Jorah Mormont, has, Dothraki
Jorah Mormont, been, Dothraki
Jorah Mormont, loved, Dothraki
Arya Stark, is, Yoren of the Night 's Watch
Arya Stark, dragged, Yoren of the Night 's Watch
Jon Stark, get, Mance
Jaime Lannister, improvise, Bronn
Sam, take, Jon Stark
Lysa Arryn, contemplate, Petyr Baelish
Ros, seems, Littlefinger
Ros, be, Littlefinger
Ros, acting, Littlefinger
Locke, leaving, Jaime Lannister
Jeor Mormont, seen, Benjen Stark
Tyrion Lannister, fails, Sansa Stark
Jon Stark, dining, Samwell Tarly
Luwin, having, Starks
Hand, announces, Tommen Baratheon
Clegane, is, Brotherhood
Clegane, confronted, Brotherhood
North, go, North
Cersei Lannister, happens, Robert Baratheon
Jaime Lannister, help, Steelshanks
Jaime Lannister, harm, Steelshanks
Jorah Mormont, heading, Daenerys Targaryen
Tywin Lannister, is, Tyrion Lannister
Robb Stark, insists, Bolton
Ramsay Bolton, saying, Theon Greyjoy
Theon Greyjoy, including, Osha
Sam, attack, Ghost
Daisy, dump, Tyrion Lannister
Tyrion Lannister, warning, Sansa Stark
Tyrion Lannister, interfere, Sansa Stark
Tyrion Lannister, feeding, Myrcella Baratheon
Sam, halt, Walker
Wall, save, Castle Black
Qyburn, is, Gregor Clegane
Qyburn, stands, Gregor Clegane
Sandor Clegane, is, Sandor Clegane
Sandor Clegane, strapped, Sandor Clegane
Drogo, return, Westeros
Mance, notes, Qhorin
Wildlings, stopped, Jon Stark
Wildlings, warns, Jon Stark
Jorah Mormont, being, Daenerys Targaryen
Jorah Mormont, poisoned, Daenerys Targaryen
Doran Martell, acting, Jaime Lannister
Tywin Lannister, leaving, Joffrey Baratheon
Jeor Mormont, change, King-Beyond-the-Wall Mance Rayder
Jeor Mormont, combat, King-Beyond-the-Wall Mance Rayder
Jeor Mormont, wildling, King-Beyond-the-Wall Mance Rayder
Varys, wield, Stannis Baratheon
Tyrion Lannister, commands, Tower of the Hand
Tyrion Lannister, be, Tower of the Hand
Tyrion Lannister, sent, Tower of the Hand
Tyrion Lannister, seems, Tyrion Lannister
Jaime Lannister, been, Cersei Lannister
Varys, travelling, Meereen
Sam, is, Sam
Tywin Lannister, hates, Lannister
Tywin Lannister, Tywin, Lannister
King, do, Hound
Gilly, escaping, White Walker
Arya Stark, scared, Titan of Braavos
Arya Stark, blown, Titan of Braavos
Jon Stark, seeing, Castle Black
Castle Black, climb, Wall
Sansa Stark, is, Petyr Baelish
Barristan, being, Daario
White Walker, colliding, White Walker
Bran Stark, does, Duncan the Tall
Bran Stark, want, Duncan the Tall
Ned Stark, turning, King 's Landing
Grey Worm, have, Unsullied
Bran Stark, being, Jojen
Theon Greyjoy, belongs, Theon Greyjoy
Drogo, starts, Drogo
Drogo, slitting, Drogo
Beric, reveal, Beric
Hodor, taken, Karl
Mormont, hundred, Fist of the First Men
Tyrion Lannister, recommending, Ros
Jaime Lannister, inherit, Kingsguard
Hodor, fighting, Summer
Bronn, save, Hound
Varys, is, Eddard Stark
Varys, be, Eddard Stark
Hound, is, Gendry
Hound, stopped, Gendry
Tyrion Lannister, is, Baelish
Sansa Stark, is, Baelish
Arya Stark, is, Robb Stark
Jon Stark, does, Eddard Stark
Renly Baratheon, claim, Stannis Baratheon
Bran Stark, asking, Tyrion Lannister
Bran Stark, likes, Tyrion Lannister
Bran Stark, ride, Tyrion Lannister
Melisandre, receive, Lord of Light
Yunkai, pressing, Westeros
Balon Greyjoy, defeat, North
Daenerys Targaryen, picks, Jorah Mormont
Stannis Baratheon, is, Bolton
Stannis Baratheon, met, Bolton
Meereen, losing, Smoking Sea
Ros, continue, Barra
Ros, having, Barra
Ros, witnessed, Barra
Robb Stark, revealing, Red Wedding
Osha, has, Ramsay Bolton
Osha, been, Ramsay Bolton
Osha, lured, Ramsay Bolton
Jon Stark, spent, Qhorin Halfhand
Jon Stark, orchestrated, Qhorin Halfhand
Tommen Baratheon, be, Jaime Lannister
Tommen Baratheon, returned, Jaime Lannister
Doran Martell, disobey, Myrcella Baratheon
Doran Martell, king, Myrcella Baratheon
Sam, writing, Castle Black
Sam, make, Castle Black
Castle Black, is, White Walkers
Castle Black, fly, White Walkers
Loras Tyrell, ship, Highgarden
Cersei Lannister, is, King 's Landing
Cersei Lannister, being, King 's Landing
Qyburn, try, Jaime Lannister
Qyburn, cutting, Jaime Lannister
Qyburn, burning, Jaime Lannister
Qyburn, boiling, Jaime Lannister
Qyburn, be, Jaime Lannister
Qyburn, stop, Jaime Lannister
Qyburn, having, Jaime Lannister
Qyburn, amputate, Jaime Lannister
Jaime Lannister, meant, Riverrun
Jaime Lannister, be, Riverrun
Jaime Lannister, take, Riverrun
Tywin Lannister, has, Tyrion Lannister
Tyrion Lannister, wishes, Tyrion Lannister
Tyrion Lannister, continue, Lannister
Tyrion Lannister, make, Lannister
Eddard Stark, splinter, Seven Kingdoms
Cersei Lannister, is, Targaryen
Cersei Lannister, comparing, Targaryen
Targaryen, admits, Robert Baratheon
Targaryen, having, Robert Baratheon
Robin Arryn, muster, Vale
Shireen Baratheon, explaining, Faith of the Seven
Thoros, begins, Lord of Light
Thoros, praying, Lord of Light
Tyrion Lannister, repay, Iron Bank
Mance, wanted, Jon Stark
Melisandre, drains, Stannis Baratheon
Melisandre, fears, Stannis Baratheon
Melisandre, creating, Stannis Baratheon
Loras Tyrell, agrees, Red Keep
Bran Stark, sitting, Stark
Bran Stark, direwolves, Stark
Kingsguard, marry, Lannister
Sam, saying, Jon Stark
Sam, has, Jon Stark
Sam, felt, Jon Stark
Lysa Arryn, demands, Petyr Baelish
Lysa Arryn, know, Petyr Baelish
Orell, swoops, Jon Stark
Tywin Lannister, shocking, Tywin Lannister
Tywin Lannister, is, Queen Regent
Tywin Lannister, tired, Queen Regent
Tywin Lannister, advises, Queen Regent
Thorne, has, Jon Stark
Jon Stark, dubbing, Snow
Eddard Stark, ravaging, Riverlands
Tormund, continues, Castle Black
Tormund, fight, Castle Black
Tormund, being, Castle Black
Tormund, wildling, Castle Black
Jon Stark, saying, Stannis Baratheon
Jon Stark, side, Stannis Baratheon
Tormund, bring, Jon Stark
Jon Stark, borrow, Stannis Baratheon
Yoren, moves, Arya Stark
Qarth, receive, Mother of Dragons
Cersei Lannister, command, Kingsguard
Tywin Lannister, leading, Lannister
Sansa Stark, going, Joffrey Baratheon
Eddard Stark, has, Westeros
Eddard Stark, been, Westeros
Shireen Baratheon, read, Bert
Shireen Baratheon, coming, Bert
Jaqen, is, Arya Stark
Jaqen, is, Arya Stark
Bran Stark, warging, Summer
Reek, have, Sansa Stark
Sansa Stark, recounts, Joffrey Baratheon
Bronn, has, Varys
Bronn, been, Varys
Bronn, following, Varys
Bronn, escorting, Varys
Bronn, is, Varys
Bronn, gone, Varys
Bronn, knows, Varys
Karstark, consider, Casterly Rock
Jon Stark, kiss, Jon Sn
Jon Stark, insists, Jon Sn
Jon Stark, has, Jon Sn
Loras Tyrell, claims, Loras Tyrell
Bran Stark, wakes, Meera
Bran Stark, see, Meera
Bran Stark, climbing, Meera
Meera, is, Samwell Tarly
Meera, revealed, Samwell Tarly
Ghost, sleeping, Jon Stark
Jon Stark, perks, Jon Stark
Bronn, spread, Lannister
Wall, led, Castle Black
Wall, is, Castle Black
Wall, riding, Castle Black
Tyrion Lannister, mean, Targaryens
Tyrion Lannister, be, Targaryens
Tyrion Lannister, given, Targaryens
Braavos, give, Braavosi
Braavos, gets, Braavosi
Tully, defeated, Riverrun
Sam, read, White Walkers
Sam, animated, White Walkers
Sansa Stark, means, Tyrells
Stark, set, Frey
Arya Stark, get, Red Keep
Lysa Arryn, make, Tyrion Lannister
Bolton, read, Littlefinger
Jaime Lannister, offers, Tommen Baratheon
Aegon Targaryen, have, Westeros
Aegon Targaryen, chosen, Westeros
Aegon Targaryen, choosing, Westeros
Greatjon Umber, breaking, House Stark
Hound, burned, Sansa Stark
Ilyn Payne, torn, Mad King
Robb Stark, repair, House Frey
Brienne, biting, Sandor Clegane
Robb Stark, reached, Twins
Cersei Lannister, threatens, House Lannister
Jon Stark, go, Sam
Sands, fight, Nymeria
Joffrey Baratheon, moved, Eddard Stark
Davos, recruit, Salladhor Saan
Brienne, rape, Renly Baratheon
Brienne, is, Renly Baratheon
Brienne, give, Renly Baratheon
Brienne, think, Renly Baratheon
Jaime Lannister, keeps, Jaime Lannister
Jaime Lannister, hitting, Jaime Lannister
Jaime Lannister, kill, Jaime Lannister
Jaime Lannister, does, Jaime Lannister
Jaime Lannister, fear, Jaime Lannister
Lannisters, heal, Thoros
Winterfell, defend, North
Gregor Clegane, dies, Gregor Clegane
Tyrion Lannister, going, North
Tyrion Lannister, be, North
Tyrion Lannister, go, North
Tyrion Lannister, is, North
Tyrion Lannister, having, North
Jon Stark, take, Sam
Sam, begins, Wall
Sam, descend, Wall
Reek, be, Theon Greyjoy
Reek, is, Theon Greyjoy
Arya Stark, do, Joffrey Baratheon
Theon Greyjoy, asks, Balon Greyjoy
Balon Greyjoy, says, Theon Greyjoy
Balon Greyjoy, does, Theon Greyjoy
Balon Greyjoy, know, Theon Greyjoy
Bran Stark, map, Stannis Baratheon
Lysa Arryn, kill, Eyrie
Bran Stark, do, King
Tyrion Lannister, has, Shae
Tyrion Lannister, attempt, Shae
Tyrion Lannister, do, Shae
Shae, being, Sansa Stark
Shae, attracted, Sansa Stark
The Unsullied, freeing, Daenerys Targaryen
The Unsullied, supported, Daenerys Targaryen
Loraq, bury, Temple of the Graces
Roose Bolton, screams, Robb Stark
Ironborn, stab, Euron Greyjoy
Sansa Stark, suggests, Arya Stark
Sansa Stark, hiding, Arya Stark
Unsullied, pointing, Sons of the Harpy
Rodrik, horrifying, Winterfell
Jon Snow, lives, Night 's Watch
Jon Snow, breeds, Night 's Watch
North, noticed, Winterfell
Winterfell, is, House Tarth
Areo, uses, Areo
Lannister, forming, Brotherhood
Tywin Lannister, is, Jaime Lannister
Sam, wants, Mole 's Town
Sam, know, Mole 's Town
Sam, have, Mole 's Town
Sam, befallen, Mole 's Town
Sam, wildling, Mole 's Town
Selyse Baratheon, embrace, Lord of Light
Arya Stark, is, Waif
Arya Stark, assist, Waif
Night 's Watch, pass, Wall
Meereen, giving, Hand
Meereen, bearing, Hand
Ramsay Bolton, bring, Winterfell
Castle Black, outnumbered, Mance Rayder
Tommen Baratheon, thinks, Casterly Rock
Tommen Baratheon, return, Casterly Rock
Casterly Rock, talk, Cersei Lannister
Qyburn, attracting, Dorne
Qyburn, candied, Dorne
Doreah, raised, Targaryen
Cersei Lannister, implied, Lancel Lannister
Hodor, talk, Wylis
Hodor, is, Wylis
Jaime Lannister, try, Qyburn
Qyburn, needs, Milk of the Poppy
Qyburn, give, Milk of the Poppy
Daenerys Targaryen, is, Dothraki
Daenerys Targaryen, thrown, Dothraki
Daenerys Targaryen, see, Dothraki
Dothraki, has, Iron Throne
Dothraki, done, Iron Throne
Dothraki, take, Iron Throne
Davos, act, Melisandre
Sansa Stark, believes, Tyrion Lannister
Ned Stark, is, Howland
Mance Rayder, offers, Wall
Mance Rayder, take, Wall
Hound, demanding, Arya Stark
Hound, know, Arya Stark
Arya Stark, is, King 's Landing
Arya Stark, has, King 's Landing
Arya Stark, take, King 's Landing
Night 's Watch, lurking, Wall
Amory, surrender, Royal
Castle Black, means, Nightfort
Sansa Stark, frightened, Cersei Lannister
Tyrion Lannister, remarking, Eddard Stark
Loras Tyrell, being, Tommen Baratheon
Loras Tyrell, shed, Tommen Baratheon
Mycah, starts, Mycah
Arya Stark, called, Arry
Stannis Baratheon, confront, Boltons
Jon Stark, grab, White Walker
Jon Stark, is, White Walker
Jon Stark, tossed, White Walker
Eddard Stark, does, Tyrion Lannister
Sansa Stark, is, Tully
Sansa Stark, known, Tully
Tywin Lannister, stand, Joffrey Baratheon
Tywin Lannister, glares, Joffrey Baratheon
Joffrey Baratheon, arrange, Joffrey Baratheon
Wall, left, Castle
Jon Stark, is, Night 's Watch
Joffrey Baratheon, give, Tyrion Lannister
Joffrey Baratheon, dwarf, Tyrion Lannister
Joffrey Baratheon, suggests, Tyrion Lannister
Sansa Stark, removes, Tyrion Lannister
Arya Stark, prefers, Beric
Arya Stark, interrupted, Beric
Beric, revived, Lord of Light
Daenerys Targaryen, come, Westeros
Robert Baratheon, heard, Robert Baratheon
Robert Baratheon, coming, Robert Baratheon
Tyrion Lannister, be, Tyrion Lannister
Selyse Baratheon, leave, Shireen Baratheon
Shireen Baratheon, is, Selyse Baratheon
Cersei Lannister, trying, Margaery Tyrell
Cersei Lannister, save, Margaery Tyrell
Cersei Lannister, going, Margaery Tyrell
Cersei Lannister, say, Margaery Tyrell
Cersei Lannister, knows, Margaery Tyrell
Cersei Lannister, lie, Margaery Tyrell
Cersei Lannister, scheme, Margaery Tyrell
Cersei Lannister, does, Margaery Tyrell
Cersei Lannister, understand, Margaery Tyrell
Jon Stark, battles, Orell
Jon Stark, given, Stark
Stark, becoming, Northeners
Jon Stark, is, Night 's Watch
Stannis Baratheon, points, Robert Baratheon
Robb Stark, stay, Tyrion Lannister
Jorah Mormont, get, Barristan
Barristan, is, Seven Kingdoms
Barristan, abhorred, Seven Kingdoms
Varys, be, Free Cities
Pypar, kill, White Walker
Sam, do, Gilly
Grand Maester Pycelle, taking, Tywin Lannister
Selyse Baratheon, is, Lord of Light
Ramsay Bolton, is, Bolton
Ramsay Bolton, stabs, Bolton
Sam, go, Citadel
Citadel, sent, Night 's Watch
Hodor, becomes, Hodor
Hodor, is, Hodor
Qyburn, thrown, Maesters
Meryn, seems, Braavosi-style
Meryn, shrugs, Braavosi-style
Meryn, has, Braavosi-style
Meryn, been, Braavosi-style
Meryn, is, Braavosi-style
Meryn, looks, Braavosi-style
Meryn, has, Braavosi-style
Loras Tyrell, watching, Renly Baratheon
Sansa Stark, playing, Robb Stark
Stark, moving, Neck
Tyrion Lannister, tribes, House Lannister
King 's Hand, give, Jaime Lannister
Locke, torturing, Jaime Lannister
Locke, fight, Jaime Lannister
Cersei Lannister, comprised, Grand Maester Pycelle
Melisandre, says, Stannis Baratheon
Melisandre, is, Stannis Baratheon
Sansa Stark, relates, King 's Landing
Tyrion Lannister, find, Sons of the Harpy
Sansa Stark, promised, Myranda
Loras Tyrell, brightens, Sansa Stark
Loras Tyrell, discussing, Sansa Stark
Loras Tyrell, 's, Sansa Stark
Loras Tyrell, planned, Sansa Stark
Sansa Stark, becomes, Loras Tyrell
Sansa Stark, realizes, Loras Tyrell
Arya Stark, does, M'Lord
Arya Stark, pronounce, M'Lord
M'Lord, saying, My Lord
Tyrion Lannister, pointing, Bronn
Tyrion Lannister, give, Bronn
Selyse Baratheon, is, Lord of Light
Robb Stark, debate, Joffrey Baratheon
Robb Stark, do, Joffrey Baratheon
Janos, calls, Olly
Sandor Clegane, born, Beric
Locke, is, Stormlands
Jaime Lannister, points, Brienne
Jaime Lannister, Locke, Brienne
Qyburn, saved, Jaime Lannister
Tyrion Lannister, deciding, Red Keep
Tyrion Lannister, use, Red Keep
Sam, reading, Aemon Targaryen
Renly Baratheon, having, Robb Stark
Walder Frey, betrayed, Robb Stark
Littlefinger, heading, King 's Landing
Dothraki, matter, Grey Worm
Roose Bolton, approaches, Winterfell
Jorah Mormont, have, Jeor Mormont
Jorah Mormont, known, Jeor Mormont
Wall, care, Night 's Watch
Red Keep, flying, King 's Landing
Shireen Baratheon, have, Dragonstone
Shireen Baratheon, come, Dragonstone
Shireen Baratheon, having, Dragonstone
Shireen Baratheon, expected, Dragonstone
Shireen Baratheon, be, Dragonstone
Shireen Baratheon, left, Dragonstone
Sansa Stark, refuses, Reek
Reek, pleads, Ramsay Bolton
Reek, do, Ramsay Bolton
Reek, saying, Ramsay Bolton
Jon Stark, is, Mormont
Jon Stark, is, Mormont
Jon Stark, demanding, Mormont
Jon Stark, demeaning, Mormont
Jon Stark, is, Mormont
Jon Stark, talking, Mormont
Arya Stark, ransoming, Thoros
Varys, enjoys, Baelish
Varys, sparring, Baelish
Arya Stark, hurt, Arya Stark
Sansa Stark, fear, Yohn
Littlefinger, is, Sansa Stark
Jon Stark, uses, Ghost
Davos, is, Stannis Baratheon
Davos, restrained, Stannis Baratheon
Bronn, been, Battle of the Blackwater
Bronn, knighted, Battle of the Blackwater
Bronn, tosses, Bronn
Bran Stark, live, Cersei Lannister
Shaggydog, killing, Theon Greyjoy
Ellaria, need, Cersei Lannister
Ellaria, start, Cersei Lannister
Ellaria, do, Cersei Lannister
Ellaria, is, Cersei Lannister
Jon Stark, execute, Tormund
Jon Stark, see, Tormund
Jon Stark, travel, Oldtown
Myrcella Baratheon, stating, Trystane Martell
Ramsay Bolton, jeopardizing, North
Bran Stark, has, Winterfell
Bran Stark, landed, Winterfell
Bran Stark, becomes, Winterfell
Bran Stark, remembering, Winterfell
Bran Stark, climbing, Winterfell
Sansa Stark, is, Sansa Stark
Theon Greyjoy, assuming, Ros
Theon Greyjoy, has, Ros
Jaime Lannister, helps, Myrcella Baratheon
Stannis Baratheon, slip, Winterfell
Cersei Lannister, go, Red Keep
Tyrion Lannister, is, House Lannister
Tyrion Lannister, harmed, House Lannister
Tyrion Lannister, be, House Lannister
Jaime Lannister, septas, Cersei Lannister
Jaime Lannister, be, Cersei Lannister
Jon Stark, be, Aemon Targaryen
Tyrion Lannister, ruin, Catelyn Stark
Tyrion Lannister, is, Catelyn Stark
Tyrion Lannister, turning, Catelyn Stark
Shireen Baratheon, think, Wall
Shireen Baratheon, be, Wall
Ellaria, is, Doran Martell
Jon Stark, fall, Night 's Watch
Jon Stark, set, Night 's Watch
Theon Greyjoy, take, Winterfell
North, starts, Starks
North, saying, Starks
North, hates, Starks
Robb Stark, wed, House Frey
Frey, is, Grey Wind
Frey, bragging, Grey Wind
Frey, being, Grey Wind
Bran Stark, creating, White Walkers
Haunted Forest, find, Benjen Stark
Robb Stark, do, Karstark
Viserys Targaryen, be, Drogo
Viserys Targaryen, raped, Drogo
Tyrion Lannister, is, Jorah Mormont
Tyrion Lannister, cornered, Jorah Mormont
Tyrion Lannister, advancing, Jorah Mormont
Tywin Lannister, attend, Small Council
Jon Stark, is, Davos
Jon Stark, being, Davos
Jon Stark, guarded, Davos
Jorah Mormont, signed, Robert Baratheon
Melisandre, betrayed, The Lord of Light
Melisandre, led, The Lord of Light
Tyrion Lannister, reminds, Tywin Lannister
Stannis Baratheon, name, Stannis Baratheon
Jaime Lannister, driving, Myrcella Baratheon
Daenerys Targaryen, been, Dothraki
Daenerys Targaryen, raped, Dothraki
Daenerys Targaryen, been, Dothraki
Daenerys Targaryen, burned, Dothraki
Daenerys Targaryen, defiled, Dothraki
Mag the Mighty, stretching, First Men
Jon Stark, notes, Grenn
Meera, reach, Three-eyed Raven
Bran Stark, die, Bran Stark
Tywin Lannister, storms, Lannister
Tywin Lannister, raging, Lannister
Tywin Lannister, disgraced, Lannister
Jon Snow, takes, Sam
Ramsay Bolton, confesses, Sansa Stark
Ramsay Bolton, Ramsay, Sansa Stark
Pits, realizing, Yezzan
Pits, is, Yezzan
Pits, watching, Yezzan
Pits, be, Yezzan
Pits, repulsed, Yezzan
Pits, 's, Yezzan
Pits, seeing, Yezzan
Pits, elbows, Yezzan
Edd, stating, Grenn
Eddard Stark, sees, Arya Stark
Jon Stark, begins, Jon Stark
Jon Stark, strangling, Jon Stark
Styr, distracts, Jon Stark
Jon Stark, lying, Styr
Balon Greyjoy, having, House Stark
Balon Greyjoy, spent, House Stark
Sam, given, White Walkers
Jon Stark, declares, Brothers
Jon Stark, has, Brothers
Jon Stark, ended, Brothers
Jon Stark, leaving, Brothers
Roose Bolton, rally, Lannisters
Tyrion Lannister, blames, Tyrion Lannister
Locke, be, Locke
Pyp, kill, Ygritte
Pyp, is, Ygritte
Pyp, shot, Ygritte
Stannis Baratheon, is, Melisandre
Stannis Baratheon, is, Melisandre
Stannis Baratheon, bemused, Melisandre
Robert Baratheon, being, Mott
Gendry, join, Night 's Watch
Night 's Watch, arrange, Sam
Gregor Clegane, hear, Elia Martell
Oberyn Martell, crushing, Viper
Mero, discussing, Prendahl
Jaime Lannister, stay, Kingsguard
Kingsguard, tries, Jaime Lannister
Kingsguard, kiss, Jaime Lannister
Kingsguard, turns, Jaime Lannister
Tyrion Lannister, mistreat, Sansa Stark
Tywin Lannister, 's, Joffrey Baratheon
Tywin Lannister, has, Joffrey Baratheon
Tywin Lannister, been, Joffrey Baratheon
Tyrion Lannister, threatens, Joffrey Baratheon
Gendry, stay, Brotherhood Without Banners
Gendry, work, Brotherhood Without Banners
Ramsay Bolton, presents, Greyjoy
Davos, frees, King 's Landing
Davos, giving, King 's Landing
Fennesz, revealing, Common Tongue
Fennesz, knows, Common Tongue
Varys, be, Eddard Stark
Tyrion Lannister, realizes, Sansa Stark
Sam, plans, Wall
Sam, get, Wall
Wall, leads, Nightfort
Robb Stark, remarking, Karstark
Oberyn Martell, defeated, Gregor Clegane
Dany, lead, Dothraki
Qyburn, stripped, Citadel
Jojen, launches, Jojen
Jojen, immolating, Jojen
Jojen, preventing, Jojen
Arya Stark, find, Robb Stark
Jorah Mormont, shown, Eddard Stark
Bran Stark, left, Seven Kingdoms
House, reciting, Braavos
House, 's, Braavos
House, going, Braavos
House, kill, Braavos
House, tosses, Braavos
Robert Baratheon, does, Robert Baratheon
Robert Baratheon, know, Robert Baratheon
Robert Baratheon, offering, Robert Baratheon
Brienne, be, Brienne
Warden of the North, offered, Houses Jon
Dorne, wanting, Seven Kingdoms
Dorne, unite, Seven Kingdoms
Wall, is, Targaryen
Margaery Tyrell, is, Loras Tyrell
Margaery Tyrell, having, Loras Tyrell
Tyrion Lannister, explains, Baelish
Tyrion Lannister, Bronn, Baelish
Tyrion Lannister, is, Baelish
Hardhome, join, White Walkers
Selmy, insulted, Joffrey Baratheon
Selmy, sees, Joffrey Baratheon
Selmy, being, Joffrey Baratheon
Selmy, offered, Joffrey Baratheon
Selmy, die, Joffrey Baratheon
Selmy, bury, Joffrey Baratheon
Selmy, takes, Joffrey Baratheon
Selmy, throws, Joffrey Baratheon
Joffrey Baratheon, stating, Kingsguard
Joffrey Baratheon, kill, Kingsguard
Aemon Targaryen, do, Robert 's Rebellion
Aemon Targaryen, butchered, Robert 's Rebellion
Aemon Targaryen, exiled, Robert 's Rebellion
Theon Greyjoy, make, Iron Islands
Theon Greyjoy, insisting, Theon Greyjoy
Ramsay Bolton, breaks, Reek
Ramsay Bolton, says, Reek
Cersei Lannister, give, Tyrells
Low Valyrian, make, Unsullied
Low Valyrian, choose, Unsullied
Low Valyrian, be, Unsullied
Balon Greyjoy, storming, Theon Greyjoy
Cersei Lannister, resting, Great Sept
Bran Stark, follow, Jojen
Bran Stark, is, Jojen
Bran Stark, confused, Jojen
Loboda, be, White Walker
Loboda, confronted, White Walker
Jon Stark, is, Mance
Jon Stark, surrounded, Mance
Mance, is, Night 's Watch
Mance, wearing, Night 's Watch
Ygritte, doomed, Jon Stark
Ygritte, refuses, Jon Stark
Ygritte, listen, Jon Stark
Illyrio, knows, Varys
Joffrey Baratheon, suspected, Cersei Lannister
Sansa Stark, tells, Joffrey Baratheon
Sansa Stark, wait, Joffrey Baratheon
Martyn Lannister, do, Rickard Stark
Jon Stark, taken, Night 's Watch
Grey Worm, taken, Grey Worm
Grey Worm, bear, Daenerys Stormborn of House Targaryen
Grey Worm, is, Daenerys Stormborn of House Targaryen
Grey Worm, set, Daenerys Stormborn of House Targaryen
Wyl, killed, Lannister
Jon Stark, ends, Jon Stark
Jon Stark, keep, Jon Stark
Stark of Winterfell, is, Myranda
Stark of Winterfell, shaken, Myranda
Jaime Lannister, escapes, Jaime Lannister
Jaime Lannister, is, Jaime Lannister
Jaime Lannister, die, Jaime Lannister
Ned Stark, is, Robert Baratheon
Jon Stark, defend, Jon Stark
Arya Stark, threatening, Arya Stark
Arya Stark, keep, Arya Stark
Arya Stark, picking, Arya Stark
Bran Stark, is, Children of the Forest
Daenerys Targaryen, liberate, Meereen
Cersei Lannister, hopes, Crown
Cersei Lannister, build, Crown
Faith, repeal, Faith Militant
Faith, allow, Faith Militant
Faith Militant, defend, Faith
Faith, be, Crown
Faith, turned, Crown
Arya Stark, is, Arya Stark
Arya Stark, stolen, Arya Stark
Rhaegal, prevent, Drogon
Rhaegal, killing, Drogon
Theon Greyjoy, begins, Theon Greyjoy
Theon Greyjoy, is, Theon Greyjoy
Theon Greyjoy, is, Luwin
Loras Tyrell, continue, Margaery Tyrell
Loras Tyrell, resisting, Margaery Tyrell
Margaery Tyrell, is, House Tyrell
Catelyn Stark, riding, Winterfell
Hodor, is, Army of the Dead
Hodor, is, Army of the Dead
Hodor, indicating, Army of the Dead
Tyrion Lannister, stay, Winterfell
Sam, chambers, Gilly
Gilly, be, Mole 's Town
Gilly, allowed, Mole 's Town
Gilly, revealing, Mole 's Town
Sansa Stark, have, Joffrey Baratheon
Sansa Stark, lied, Joffrey Baratheon
Sansa Stark, winning, Joffrey Baratheon
Arya Stark, riding, Arya Stark
Arya Stark, turns, Hot Pie
Renly Baratheon, does, Lannisters
Renly Baratheon, march, Lannisters
Renly Baratheon, help, Lannisters
Renly Baratheon, take, Lannisters
Lannisters, lying, Lannisters
Lannisters, is, Lannisters
Lannisters, jump, Lannisters
North, marching, Wall
Nym, is, Tyene Sand
Theon Greyjoy, belongs, Jon Stark
North, follow, Stark
Robb Stark, seeking, Renly Baratheon
Jorah Mormont, is, Westeros
Ros, becomes, Tyrion Lannister
Ros, compares, Tyrion Lannister
Robb Stark, hoping, Tywin Lannister
Pycelle, meeting, Small Council
Arya Stark, be, Blackwater
Sansa Stark, telling, Petyr Baelish
Petyr Baelish, brought, Crownlands
Sansa Stark, hide, Theon Greyjoy
Sansa Stark, fallen, Theon Greyjoy
Thoros, bring, Robb Stark
Thoros, Riverrun, Robb Stark
Thoros, reunite, Robb Stark
Jory Cassel, confronted, Lannister
Mance, makes, Mance
Mance, going, North
Mance, make, North
Red Keep, toll, Tywin Lannister
Red Keep, signaling, Tywin Lannister
Castle Black, turns, Night 's Watch
Castle Black, betray, Night 's Watch
Robert Baratheon, compared, Westeros
Sam, pulls, Walker
Sam, attacks, Walker
Cersei Lannister, does, Jaime Lannister
Cersei Lannister, have, Jaime Lannister
Cersei Lannister, lead, Jaime Lannister
Arya Stark, fight, Waif
Arya Stark, 's, Waif
Jon Stark, moved, Stannis Baratheon
Jon Stark, having, Stannis Baratheon
Jon Stark, come, Stannis Baratheon
Jon Stark, admits, Stannis Baratheon
Jon Stark, Sam, Stannis Baratheon
Jon Stark, plans, Stannis Baratheon
Varys, backing, Tyrion Lannister
Craster, kill, Mormont
Craster, be, Mormont
Craster, travel, Mormont
Mormont, leave, Craster
Catelyn Stark, thinking, Jon Stark
Balon Greyjoy, swinging, Pyke
Balon Greyjoy, separates, Pyke
Reek, begins, Ramsay Bolton
Reek, crying, Ramsay Bolton
Eddard Stark, insisting, Walkers
Jon Stark, knows, Stannis Baratheon
Stannis Baratheon, supporting, Eddard Stark
Stannis Baratheon, revealing, Eddard Stark
Sansa Stark, meet, Margaery Tyrell
Reek, presses, Theon Greyjoy
Reek, have, Theon Greyjoy
Reek, gone, Theon Greyjoy
Reek, calling, Theon Greyjoy
Theon Greyjoy, runs, Not Theon
Robb Stark, has, Lannisters
Robb Stark, fought, Lannisters
Lannisters, attack, Robb Stark
Lannisters, shifted, Robb Stark
Lannisters, fleeing, Robb Stark
Robb Stark, make, Talisa
Arya Stark, assassinate, Thin Man
Freys, chanting, King
Sam, has, Mance Rayder
Sam, end, Mance Rayder
Sam, plans, Mance Rayder
Talisa, take, Lannisters
Tyrion Lannister, give, Stark
Arya Stark, defend, Waif
Arya Stark, fails, Waif
Jon Stark, hundred, Night 's Watch
Tyrion Lannister, is, Wall
Tyrion Lannister, is, Wall
Tyrion Lannister, is, Wall
Riverlands, making, Vale
Balon Greyjoy, 's, Euron Greyjoy
Balon Greyjoy, 's, Euron Greyjoy
Barristan, defending, Robert Baratheon
Barristan, deserve, Robert Baratheon
Tywin Lannister, go, King 's Landing
Olly, glares, Jon Stark
Karl, begin, Mormont
Karl, face, Mormont
Jaime Lannister, make, Summer
Jaime Lannister, is, Summer
Jaime Lannister, watching, Summer
Arya Stark, proven, Hall of Faces
Arya Stark, lie, Hall of Faces
Arya Stark, is, Hall of Faces
Arya Stark, brought, Hall of Faces
Missandei, be, Meereen
Jon Snow, is, House Stark
Mormont, wounded, Craster
Mormont, recover, Craster
Mormont, be, Craster
Mormont, travel, Craster
Olenna Tyrell, says, Mace Tyrell
Baelish, has, Tyrion Lannister
Baelish, been, Tyrion Lannister
Sam, has, Sam
Sam, keep, Sam
Robb Stark, asks, Shadow-creature
Robb Stark, make, Shadow-creature
Sam, be, Craster
Sam, has, Craster
Sam, survived, Craster
Wall, surviving, White Walker
Joffrey Baratheon, restore, Targaryens
Joffrey Baratheon, intimidating, Targaryens
Cersei Lannister, returning, King 's Landing
Shireen 's Greyscale, contracted, Craster
Shireen 's Greyscale, driven, Craster
Robert Baratheon, kidnapped, Rhaegar Targaryen
Pycelle, is, Qyburn
Pycelle, is, Qyburn
Sam, reciting, Night 's Watch
Kraznys, addresses, Unsullied
Tyrion Lannister, rule, Daenerys Targaryen
Sansa Stark, have, North
Sansa Stark, has, North
North, light, Broken Tower
Ros, miss, King 's Landing
Ros, leaves, King 's Landing
Roose Bolton, is, Littlefinger
Karl, have, Karl
Craster, be, At Karl
Craster, given, At Karl
Rast, deals, Ghost
Ghost, caged, Rast
Riverrun, remaining, Tully
Olenna Tyrell, throwing, Cersei Lannister
Jaime Lannister, asks, Brienne
Eddard Stark, meets, Tobho Mott
Tyrion Lannister, hands, Joffrey Baratheon
Davos, is, Castle Black
Davos, have, Castle Black
Davos, make, Castle Black
Tyrion Lannister, staring, Oberyn Martell
Jaime Lannister, is, Cersei Lannister
Willem Lannister, is, Karstark
Willem Lannister, killed, Karstark
Joffrey Baratheon, becoming, Tyrell
Jorah Mormont, believe, Daenerys Targaryen
Daenerys Targaryen, believes, Iron Throne
Ygritte, wants, Jon Snow
Ygritte, make, Jon Snow
Jon Snow, broken, Night 's Watch
Robb Stark, make, Winterfell
Robb Stark, has, Winterfell
Robb Stark, come, Winterfell
Robb Stark, follow, Winterfell
Robb Stark, remain, Winterfell
Arya Stark, observe, Cersei Lannister
Osha, wildling, Wall
Osha, coming, Wall
Wall, flee, Gift
Joffrey Baratheon, do, Tyrion Lannister
Joffrey Baratheon, pleases, Tyrion Lannister
Reek, do, Ramsay Bolton
Theon Greyjoy, issuing, Dreadfort
Qyburn, change, Cersei Lannister
Cersei Lannister, weaken, Qyburn
Razdal, asserting, Yunkai
Razdal, is, Yunkai
Razdal, fight, Yunkai
Astapor, needed, Westeros
Astapor, transport, Westeros
Styr, set, Castle Black
Kraznys, shaped, Harpy
Lannister, tortured, Robb Stark
Robb Stark, wanting, Lannisters
Robb Stark, give, Lannisters
Varys, stop, Daenerys Targaryen
Grey Worm, is, Missandei
Grey Worm, getting, Missandei
Tyrion Lannister, informing, Wall
Tyrion Lannister, journey, Wall
Tyrion Lannister, see, Wall
Melisandre, possesses, Lord of Light
Selyse Baratheon, reveres, 's Chosen
Selyse Baratheon, is, 's Chosen
Bronn, punish, Jaime Lannister
Sam, lying, Ygritte
Tyrion Lannister, persuade, Jorah Mormont
Westeros, being, Meereen
Westeros, sold, Meereen
Westeros, fighting, Meereen
Rhaegar Targaryen, drop, Rhaegar Targaryen
Beric, is, Thoros
Beric, asking, Thoros
Beric, bringing, Thoros
Unsullied, have, Kraznys
Unsullied, serving, Kraznys
Loras Tyrell, engaged, Olyvar Frey
Loras Tyrell, be, Olyvar Frey
Loras Tyrell, married, Olyvar Frey
Tyrion Lannister, suggesting, Joffrey Baratheon
Gregor Clegane, fighting, Cersei Lannister
Pod, asked, Tyrion Lannister
Pod, compile, Tyrion Lannister
Jon Stark, be, Jon Stark
Jon Stark, kill, Jon Stark
Jon Stark, being, Jon Stark
Jon Stark, cut, Jon Stark
Jon Stark, known, Mance
Jon Stark, die, Mance
Arya Stark, thinks, Hound
Arya Stark, is, Hound
Jon Stark, tells, Alliser Thorne
Jon Stark, has, Alliser Thorne
Tywin Lannister, have, Tyrion Lannister
Tywin Lannister, being, Tyrion Lannister
Tywin Lannister, paid, Tyrion Lannister
Gendry, give, Iron Throne
Gendry, destroy, Iron Throne
Gendry, claim, Iron Throne
Sansa Stark, shakes, Sansa Stark
Mance, sitting, Jon Stark
Mance, introduces, Jon Stark
Jon Stark, kneels, Free Folk
Ellaria, break, Lannisters
Vala, opposes, Unsullied
Vala, imposed, Unsullied
Gilly, leave, Wall
Wall, comes, White Walkers
Jon Stark, take, Wall
Selmy, Daenerys, Iron Throne
Selmy, is, Iron Throne
Selmy, win, Iron Throne
Theon Greyjoy, having, Bran Stark
Theon Greyjoy, killed, Bran Stark
Theon Greyjoy, pass, Bran Stark
Jon Stark, fixes, Commander of the City Watch
Jon Stark, executes, Commander of the City Watch
Free Cities, talking, Varys
Theon Greyjoy, cut, King 's Landing
Daenerys Targaryen, split, Free City of Qohor
Daenerys Targaryen, ride, Free City of Qohor
Ramsay Bolton, turn, North
Olenna Tyrell, sees, Varys
Jon Stark, die, Seven
Tywin Lannister, accuses, Cersei Lannister
Robb Stark, falls, Lannisters
Robb Stark, vowing, Lannisters
Robb Stark, kill, Lannisters
Jon Stark, carrying, Stark
Sandor Clegane, hates, Arya Stark
Eddard Stark, bring, Gregor Clegane
Eddard Stark, justice, Gregor Clegane
Jaime Lannister, keep, Catelyn Stark
Stannis Baratheon, needs, Hand of the King
Davos, be, Stannis Baratheon
Davos, stop, Stannis Baratheon
Eddard Stark, passing, Hound
Cersei Lannister, calling, Robert Baratheon
Cersei Lannister, pleading, Robert Baratheon
Cersei Lannister, force, Robert Baratheon
Craster, wants, Craster
Craster, know, Craster
Robert Baratheon, pay, Eddard Stark
Tyrion Lannister, begins, Night 's Watch
Tyrion Lannister, be, Night 's Watch
Tyrion Lannister, celibate, Night 's Watch
Theon Greyjoy, is, Theon Greyjoy
Theon Greyjoy, 's, Theon Greyjoy
Arya Stark, causing, Hound
Craster, mention, Jon Stark
Craster, interfere, Jon Stark
Jorah Mormont, is, Robert Baratheon
Jorah Mormont, devoted, Robert Baratheon
Jorah Mormont, trust, Robert Baratheon
Jorah Mormont, inform, Robert Baratheon
Jorah Mormont, spy, Robert Baratheon
Tyrion Lannister, get, Slaver 's Bay
Tyrion Lannister, have, Slaver 's Bay
Tyrion Lannister, walk, Slaver 's Bay
Robin Arryn, let, Baelish
Sandor Clegane, committed, Gregor Clegane
Castle Black, is, Eastwatch-by-the-Sea
Sansa Stark, insinuate, Boltons
Craster, wildling, Craster
Karl, is, Karl
Karl, flinching, Karl
Yara Greyjoy, is, Theon Greyjoy
Joffrey Baratheon, losing, Sansa Stark
Joffrey Baratheon, has, Sansa Stark
Jaime Lannister, sees, Tywin Lannister
Jaime Lannister, 's, Tywin Lannister
Jaime Lannister, going, Tywin Lannister
Jaime Lannister, split, Tywin Lannister
Jaime Lannister, murdering, Tywin Lannister
Eddard Stark, stay, Winterfell
Ros, has, Aerys Targaryen
Ros, served, Aerys Targaryen
Ros, lamenting, Aerys Targaryen
Robert Baratheon, displaying, Joffrey Baratheon
Olenna Tyrell, has, Seven Kingdoms
Mormont, escape, Wall
Mormont, trapped, Wall
Jojen, falls, Meera
Thorne, led, Ice Cells
Cersei Lannister, join, Benjen Stark
Beric, orphaned, Gendry
Dothraki, dismisses, Dothraki
Dothraki, saying, Dothraki
Stannis Baratheon, overcome, Mud Gate
Stannis Baratheon, land, Mud Gate
Robb Stark, be, Robb Stark
Robb Stark, urges, Robb Stark
Robb Stark, be, Robb Stark
Littlefinger, seeing, Brienne
Robb Stark, carried, Roslin Frey
Jaime Lannister, cavorts, Jaime Lannister
Jaime Lannister, flaunting, Jaime Lannister
Daenerys Targaryen, have, Tyrion Lannister
Daenerys Targaryen, found, Tyrion Lannister
Daenerys Targaryen, spying, Tyrion Lannister
Daenerys Targaryen, exiled, Tyrion Lannister
Cersei Lannister, wanting, Tywin Lannister
Cersei Lannister, play, Tywin Lannister
Cersei Lannister, be, Tywin Lannister
Cersei Lannister, relegated, Tywin Lannister
Cersei Lannister, pulls, Tywin Lannister
Cersei Lannister, is, Tywin Lannister
Cersei Lannister, sitting, Tywin Lannister
Ramsay Bolton, making, House Bolton
Tommen Baratheon, tries, Loras Tyrell
Tommen Baratheon, manipulate, Loras Tyrell
Tommen Baratheon, weeping, Loras Tyrell
Tommen Baratheon, is, Loras Tyrell
Tommen Baratheon, let, Loras Tyrell
Tommen Baratheon, happen, Loras Tyrell
Theon Greyjoy, pull, Theon Greyjoy
Theon Greyjoy, declares, Theon Greyjoy
Theon Greyjoy, intends, Theon Greyjoy
Mance, has, Orell
Mance, seen, Orell
Tyrion Lannister, foreseeing, Joffrey Baratheon
Tyrion Lannister, cause, Joffrey Baratheon
Joffrey Baratheon, intends, Robb Stark
Olenna Tyrell, learning, Tyrell
Olenna Tyrell, be, Tyrell
Olenna Tyrell, bought, Tyrell
Olenna Tyrell, threatens, Tyrell
Olenna Tyrell, end, Tyrell
Jon Stark, does, Ygritte
Ygritte, is, Jon Stark
Ygritte, be, Jon Stark
Ygritte, done, Jon Stark
Arya Stark, staring, Meryn
Ned Stark, done, Mance
Theon Greyjoy, tells, Yara Greyjoy
Theon Greyjoy, has, Yara Greyjoy
Theon Greyjoy, been, Yara Greyjoy
Theon Greyjoy, sent, Yara Greyjoy
North, marries, Tywin Lannister
Tywin Lannister, letting, Tyrells
Tyrion Lannister, throw, Lannister
Tyrion Lannister, is, Lannister
Jon Stark, convince, Night 's Watch
Wall, blocking, Castle Black
Melisandre, done, Lord of Light
Tyrion Lannister, have, Margaery Tyrell
Tywin Lannister, is, Tyrells
Tywin Lannister, has, Tyrells
Arya Stark, happens, Waif
Joffrey Baratheon, saying, Joffrey Baratheon
Joffrey Baratheon, have, Joffrey Baratheon
Eddard Stark, is, Gold Dragons
Moro, expresses, Wise Masters
Moro, making, Wise Masters
Moro, suggests, Wise Masters
Moro, giving, Wise Masters
Olyvar Frey, leads, Loras Tyrell
Olyvar Frey, having, Loras Tyrell
Tyrion Lannister, determined, Varys
Tyrion Lannister, drink, Varys
Tyrion Lannister, be, Iron Throne
Tyrion Lannister, use, Iron Throne
Tyrion Lannister, seat, Iron Throne
Sansa Stark, make, King 's Landing
Sansa Stark, is, King 's Landing
Renly Baratheon, secure, Renly Baratheon
Jorah Mormont, leave, Drogo
Drogo, dies, Daenerys Targaryen
Drogo, fight, Daenerys Targaryen
Drogo, amongst, Daenerys Targaryen
Drogo, be, Daenerys Targaryen
Drogo, wins, Daenerys Targaryen
Daenerys Targaryen, growing, Daenerys Targaryen
Daenerys Targaryen, be, Daenerys Targaryen
Sansa Stark, try, North
Sansa Stark, retake, North
Sansa Stark, rescue, North
Melisandre, burned, Lord of Light
Robb Stark, learns, Catelyn Stark
Unsullied, do, Westeros
Unsullied, attack, Westeros
Robb Stark, treating, Lannister
Olenna Tyrell, decides, House Tyrell
Olenna Tyrell, have, House Tyrell
House Tyrell, agrees, Tyrion Lannister
House Tyrell, pay, Tyrion Lannister
Tywin Lannister, do, Tywin Lannister
Joffrey Baratheon, stunted, Daenerys Targaryen
Jon Stark, summon, Houses Targaryen
Bronn, play, Tyene
Tyene, coated, The Long Farewell
Jon Stark, is, Benjen Stark
Arya Stark, is, Tywin Lannister
Arya Stark, defeated, Tywin Lannister
Cersei Lannister, gives, Targaryen
Cressen, drinks, Cressen
Cressen, is, Cressen
Cressen, unaffected, Cressen
North, known, Stark
Bronn, gone, Tyrion Lannister
Sansa Stark, thinks, Ramsay Bolton
Sansa Stark, cares, Ramsay Bolton
Jon Stark, leaves, Night 's Watch
Stannis Baratheon, legitimize, Jon Stark
Tywin Lannister, hid, Casterly Rock
Jorah Mormont, heading, Meereen
Robb Stark, makes, Robb Stark
Robb Stark, seem, Robb Stark
Robb Stark, believe, Robb Stark
Balon Greyjoy, saying, North
Balon Greyjoy, take, North
Arryn, fostered, Eyrie
Vala, is, Sons of the Harpy
Theon Greyjoy, reconsider, Greyjoys
Theon Greyjoy, claiming, Greyjoys
Theon Greyjoy, becoming, Starks
Starks, renewed, White Walkers
Sam, tells, White Walkers
Sam, has, White Walkers
Drogo, conquer, Savo
Robb Stark, bend, Joffrey Baratheon
Tyrion Lannister, offend, Tywin Lannister
Tyrion Lannister, refusing, Tywin Lannister
Stark, states, Arya Stark
Ramsay Bolton, heirs, House Stark
Baelish, means, Winterfell
Baelish, return, Winterfell
Daenerys Targaryen, make, Westeros
Yara Greyjoy, make, Westeros
Khal, is, Viserys Targaryen
Khal, carrying, Viserys Targaryen
Theon Greyjoy, calls, Yara Greyjoy
Robb Stark, attaching, Grey Wind
Aemon Targaryen, has, Egg
Daenerys Targaryen, lacks, Westeros
Tyrion Lannister, is, Daenerys Targaryen
Daenerys Targaryen, remain, Jorah Mormont
Hodor, has, Osha
Hodor, forgotten, Osha
Hodor, put, Osha
Osha, have, Bran Stark
Wylis, hold, Hodor
Wylis, evolve, Hodor
Baelish, is, Aegon the Conqueror
Arya Stark, walk, Waif
Queen, corrected, Olenna Tyrell
Stannis Baratheon, be, Stannis Baratheon
Daenerys Targaryen, blurts, Drogo
Daenerys Targaryen, does, Drogo
Daenerys Targaryen, want, Drogo
Daario, using, Second Sons
Sam, reading, Sam
Sam, insisting, Sam
Sam, is, Sam
Sam, is, Wall
Sam, awestruck, Wall
Sam, catches, Wall
Jon Stark, is, Jon Stark
Jon Stark, trying, Jon Stark
Tywin Lannister, deal, Baelish
Meereen, seek, Great Pit of Daznak
Meereen, fight, Great Pit of Daznak
Dany, freeing, Yunkai
Tyrion Lannister, referring, Tysha
Tywin Lannister, calling, Tyrion Lannister
Tywin Lannister, done, Tyrion Lannister
Tywin Lannister, confirm, Vale of Arryn
Waif, get, Arya Stark
Waif, hinting, Arya Stark
Arya Stark, faces, Arya Stark
Yara Greyjoy, is, Deepwood Motte
Pyke, learns, Balon Greyjoy
Tyrells, demonstrating, Tyrion Lannister
Tyrion Lannister, turns, Crown
Bran Stark, being, Jon Stark
Pycelle, is, Pycelle
Tyrion Lannister, get, Watch
Arya Stark, faces, Trant
Brienne, dies, King 's Landing
Brienne, points, King 's Landing
Brienne, get, King 's Landing
Frey, is, Frey
Frey, getting, Frey
Frey, glaring, Frey
Frey, says, Frey
Frey, pointing, Frey
Wylis, crying, Hodor
Reek, helping, Ramsay Bolton
Reek, is, Ramsay Bolton
Irri, believes, Rakharo
Thenn, speak, Common Tongue
Grey Worm, murdered, Temple of the Graces
Grey Worm, be, Temple of the Graces
Grey Worm, buried, Temple of the Graces
Robb Stark, defeated, Sansa Stark
Robb Stark, die, Sansa Stark
Locke, convincing, Locke
Jorah Mormont, make, Daenerys Targaryen
Bran Stark, injured, Bran Stark
Robb Stark, repair, House Frey
Jon Stark, has, Sam
Jon Stark, been, Sam
Jon Stark, noted, Sam
Nym, pull, Areo
Nym, cut, Areo
Mance, suffered, Wall
Mance, bloodshed, Wall
Mance, has, Wall
Mance, conquering, Wall
Wall, moving, White Walkers
Wall, seek, White Walkers
Wall, growing, White Walkers
Pod, looking, Castle Black
Pod, states, Castle Black
Pod, have, Castle Black
Pod, gone, Castle Black
Jojen Reed, go, Wall
Moro, has, Vaes Dothrak
Moro, remain, Vaes Dothrak
Khals, become, Dosh
Jon Stark, mount, Ygritte
Yara Greyjoy, referring, Theon Greyjoy
Rorge, is, Arya Stark
Rorge, killed, Arya Stark
Olenna Tyrell, played, Joffrey Baratheon
Gilly, go, Mance
Gilly, is, Mance
Gilly, cut, Mance
Gilly, indicating, Mance
Robb Stark, is, Greatjon Umber
Robb Stark, bear, Greatjon Umber
Robb Stark, diffuses, Greatjon Umber
Ghis, draped, House Targaryen
Arya Stark, calling, Boy
Ramsay Bolton, has, Stannis Baratheon
Vale, tribes, Shagga
Vale, led, Shagga
Lysa Arryn, demand, Lysa Arryn
Dany, is, Joffrey Baratheon
Jon Stark, aid, Lord Commander
Cersei Lannister, is, Jaime Lannister
Jaime Lannister, is, Jaime Lannister
Jaime Lannister, is, Jaime Lannister
Myrcella Baratheon, separated, Trystane Martell
Theon Greyjoy, is, Torrhen 's Square
Theon Greyjoy, returning, Torrhen 's Square
Jaime Lannister, says, Eddard Stark
Jaime Lannister, settle, Eddard Stark
Craster, offending, Wall
Craster, is, Wall
Daenerys Targaryen, known, Rhaegar Targaryen
Daario, use, Sons of the Harpy
Daario, eradicate, Sons of the Harpy
Selmy, learns, Lord Commander
Sam, talk, Jon Stark
Dany, do, Daario
Dany, believes, Daario
Dany, give, Daario
Jon Stark, wants, Night 's Watch
Jon Stark, leave, Night 's Watch
Osha, has, Hodor
Osha, escaped, Hodor
Doran Martell, realize, Areo
Doran Martell, is, Areo
Jorah Mormont, ask, Small Council
Lannisters, asserting, Iron Throne
Frey, offers, Starks
Tormund, speaking, Alliser Thorne
The Dothraki, is, Dothraki
Robert Baratheon, is, King
Moon Door, including, Royce
Loras Tyrell, fathering, Margaery Tyrell
Loras Tyrell, goes, Margaery Tyrell
Loras Tyrell, fetch, Margaery Tyrell
Tyrion Lannister, start, Tyrion Lannister
Tyrion Lannister, killing, Tyrion Lannister
Tyrion Lannister, find, Tyrion Lannister
Tyrion Lannister, try, Tyrion Lannister
Tyrion Lannister, pass, Tyrion Lannister
Meereen, do, Westeros
Meereen, mulls, Westeros
Meereen, setting, Westeros
Cersei Lannister, evaporates, Loras Tyrell
Cersei Lannister, commands, Loras Tyrell
Daario, fighting, Second Sons
Daario, join, Second Sons
Ghost, brings, Jon Stark
Joffrey Baratheon, demanding, Tyrion Lannister
Joffrey Baratheon, be, Tyrion Lannister
Joffrey Baratheon, killed, Tyrion Lannister
Joffrey Baratheon, shrieks, Tyrion Lannister
Tyrion Lannister, been, Tywin Lannister
Tyrion Lannister, fires, Tywin Lannister
Hot Pie, going, King 's Landing
Jaime Lannister, bring, King 's Landing
Bran Stark, being, Luwin
Luwin, learn, Dothraki
Luwin, use, Dothraki
Luwin, used, Dothraki
Jaime Lannister, noted, King 's Landing
Joffrey Baratheon, is, Stannis Baratheon
Joffrey Baratheon, won, Stannis Baratheon
Tywin Lannister, agreeing, Joffrey Baratheon
Tywin Lannister, be, Joffrey Baratheon
Stannis Baratheon, knows, Davos
Stannis Baratheon, 's, Davos
Stannis Baratheon, do, Davos
Stannis Baratheon, is, Davos
Stannis Baratheon, hear, Salladhor
Aemon Targaryen, executing, Wall
Aemon Targaryen, lays, Wall
Aemon Targaryen, says, Wall
Tyrion Lannister, is, Lancel Lannister
Tyrion Lannister, owes, Ros
Tyrion Lannister, securing, Ros
Sam, light, Gilly
Sam, is, Gilly
Sam, frustrated, Gilly
Baelish, threatening, Brienne
Sam, draw, Craster
Sam, 's, Craster
Sam, calling, Craster
Tyrion Lannister, confronted, Meereen
Joffrey Baratheon, tired, Tywin Lannister
Joffrey Baratheon, leaves, Tywin Lannister
Jon Stark, reminding, White Walkers
Sam, is, Jon Stark
Jon Stark, make, Jon Stark
Jon Stark, tells, Jon Stark
Jon Stark, worry, Jon Stark
Tyrion Lannister, reward, Battle of the Blackwater
Tyrion Lannister, saving, Battle of the Blackwater
Podrick, enjoy, Marei
Kayla, perform, Meereenese Knot
Qyburn, informs, Robert Baratheon
Qyburn, begin, Robert Baratheon
Jon Stark, informs, Robb Stark
Bronn, wounds, Vardis
Boltons, snows, Stannis Baratheon
Boltons, bets, Stannis Baratheon
Stannis Baratheon, is, Westeros
Joffrey Baratheon, is, Robert Baratheon
Joffrey Baratheon, brought, Robert Baratheon
Joffrey Baratheon, charged, Robert Baratheon
Joffrey Baratheon, making, Robert Baratheon
Jon Stark, telling, White Walker
Jon Stark, killed, White Walker
Sansa Stark, be, Myranda
Sansa Stark, finds, Theon Greyjoy
Bran Stark, be, Luwin
Luwin, is, Eddard Stark
Pycelle, does, Small Council
Pycelle, want, Small Council
Theon Greyjoy, has, Winterfell
Theon Greyjoy, destroyed, Winterfell
Qyburn, cause, Jaime Lannister
Melisandre, states, King
King, be, Shireen Baratheon
King, made, Shireen Baratheon
King, ensure, Shireen Baratheon
King, implying, Shireen Baratheon
Jon Umber, be, North
Jon Umber, told, North
Jon Umber, do, North
Jon Umber, reminding, North
Cersei Lannister, be, Cersei Lannister
Tyrell, fall, House Tyrell
Margaery Tyrell, dares, Cersei Lannister
Harrenhal, caked, Riverlands
Jaime Lannister, negotiate, Locke
Locke, does, Kingslayer
Locke, bring, Kingslayer
Edd, wants, Edd
Aemon Targaryen, stating, Sam
Aemon Targaryen, picture, Sam
Aemon Targaryen, is, Sam
Tyrion Lannister, leaves, Varys
Common Tongue, is, Summer Isles
Common Tongue, born, Summer Isles
Baelish, fears, Tyrells
Tywin Lannister, holding, Tower of the Hand
Bran Stark, live, King 's Landing
Theon Greyjoy, raised, Winterfell
Jorah Mormont, bury, Norvosi
Tyrion Lannister, survive, Joffrey Baratheon
Joffrey Baratheon, calling, Stark
Cersei Lannister, reconsider, Varys
The Khal, explains, Drogo
The Khal, is, Drogo
Tyrion Lannister, look, Grey Worm
Stannis Baratheon, explains, Shireen Baratheon
Reek, reassume, Theon Greyjoy
Stannis Baratheon, accepts, Brienne
Stannis Baratheon, die, Brienne
Jaime Lannister, is, Jaime Lannister
Jaime Lannister, confined, Jaime Lannister
Grey Worm, sustained, Sons of the Harpy
Tyrell, sway, Joffrey Baratheon
Hodor, designed, Tyrion Lannister
Jon Stark, shocked, Olly
Jon Stark, says, Olly
Jon Stark, remembers, Olly
Jon Stark, getting, Olly
Jon Stark, stabbed, Olly
Tommen Baratheon, saying, Olenna Tyrell
Tommen Baratheon, is, Olenna Tyrell
Tommen Baratheon, going, Olenna Tyrell
Tommen Baratheon, bring, Olenna Tyrell
Ramsay Bolton, assaulting, Stannis Baratheon
Ramsay Bolton, struggling, Stannis Baratheon
Bronn, stand, Eyrie
Slynt, crying, Jon Stark
Slynt, begging, Jon Stark
Slynt, saying, Jon Stark
Slynt, do, Jon Stark
Stannis Baratheon, be, Lord of Winterfell
Kingslayer, whimpers, Jaime Lannister
Rast, pounds, Mormont
Arya Stark, waiting, Winterfell
Arya Stark, supposed, Winterfell
Arya Stark, be, Winterfell
Arya Stark, take, Winterfell
Jon Stark, enjoy, Lord Commander
Tywin Lannister, insists, Tyrion Lannister
Tywin Lannister, going, Tyrion Lannister
Kraznys, is, Valyrian
Catelyn Stark, been, Littlefinger
Catelyn Stark, treated, Littlefinger
Bran Stark, experiencing, Jojen
Sandor Clegane, come, Joffrey Baratheon
Sandor Clegane, is, Joffrey Baratheon
Sandor Clegane, stands, Joffrey Baratheon
Sandor Clegane, beloved, Joffrey Baratheon
Jaime Lannister, Bronn, Cersei Lannister
Brienne, hear, Red Keep
Brienne, says, Red Keep
Brienne, reminding, Red Keep
Brienne, living, Red Keep
Davos, outnumbered, Ghost
Edd, reminding, Jon Stark
Daenerys Targaryen, treated, Astapor
Jon Stark, train, Jon Stark
Gregor Clegane, severing, Gregor Clegane
Gregor Clegane, burying, Gregor Clegane
Tommen Baratheon, making, Kevan Lannister
Tommen Baratheon, prevent, Kevan Lannister
Tommen Baratheon, trying, Kevan Lannister
Aegon Targaryen, sit, Iron Throne
Lysa Arryn, explain, Moon Door
Robb Stark, makes, Karstarks
Robb Stark, turn, Karstarks
Karstarks, resulting, Robb Stark
Robb Stark, stationed, Riverrun
Jaime Lannister, die, Qyburn
Robb Stark, noting, Arya Stark
Daario, reopened, Great
Daario, gather, Great
Lord of Light, have, Selyse Baratheon
Lord of Light, goes, Selyse Baratheon
Citadel, bring, Citadel
Stannis Baratheon, vows, Selyse Baratheon
Davos, go, Castle Black
Stannis Baratheon, retreat, Castle Black
Iron Throne, afford, Royal Fleet
Iron Throne, rebuilding, Royal Fleet
Olenna Tyrell, repeat, Sansa Stark
Olenna Tyrell, says, Sansa Stark
Arya Stark, is, Hound
Arya Stark, going, Hound
Arya Stark, get, Hound
Olenna Tyrell, hinting, Joffrey Baratheon
Jon Stark, go, Maester
Arya Stark, is, Arya Stark
Arya Stark, walk, Arya Stark
Jon Stark, saying, Wall
Jon Stark, fled, Wall
Tywin Lannister, noting, Jaime Lannister
Tywin Lannister, locate, Jaime Lannister
Sansa Stark, is, Lannisters
Sansa Stark, warm, Lannisters
Loraq, overruled, Daenerys Targaryen
Loraq, killed, Daenerys Targaryen
Daenerys Targaryen, flanked, Unsullied
Watch, need, Gift
Gift, encountered, Watch
Cersei Lannister, growing, Tyrells
Sam, sent, Jon Stark
Jon Stark, has, Aemon Targaryen
Jon Stark, been, Aemon Targaryen
Jon Stark, summoned, Aemon Targaryen
Jon Stark, testify, Aemon Targaryen
Joffrey Baratheon, involves, Tyrion Lannister
Joffrey Baratheon, stripping, Tyrion Lannister
Joffrey Baratheon, stripping, Tyrion Lannister
Joffrey Baratheon, carrying, Tyrion Lannister
Naath, tacken, Slaver 's Bay
Polliver, rape, King 's Landing
Polliver, pillage, King 's Landing
Robb Stark, sends, North
Robb Stark, summoning, North
North, assemble, Winterfell
Sam, put, Jon Snow
Arya Stark, shaped, Arya Stark
Rickon Stark, see, Robb Stark
Daenerys Targaryen, get, Iron Throne
Daenerys Targaryen, reclaims, Iron Throne
Arya Stark, going, Arya Stark
Arya Stark, try, Arya Stark
Rickard Stark, wants, Robb Stark
Jaime Lannister, screaming, King 's Landing
Jaime Lannister, been, King 's Landing
Jaime Lannister, saying, King 's Landing
Jaime Lannister, grinning, Cersei Lannister
Jaime Lannister, revealing, Cersei Lannister
Petyr Baelish, have, Sansa Stark
Valyrian, feigning, Kraznys
Valyrian, putting, Kraznys
Tywin Lannister, submit, Loras Tyrell
Tywin Lannister, forced, Loras Tyrell
Jon Stark, admits, Lord of Light
Jon Stark, having, Lord of Light
Jon Stark, seen, Lord of Light
Jon Stark, done, Lord of Light
Jon Stark, insists, Lord of Light
Jon Stark, do, Lord of Light
Jon Stark, having, Lord of Light
Jon Stark, lost, Lord of Light
Qarth, booked, Astapor
Wall, is, Olly
Wall, being, Olly
Wall, operated, Olly
Tyrion Lannister, take, Essos
Tyrion Lannister, offers, Essos
Sam, swore, Wall
Sam, defend, Wall
Tyrion Lannister, convince, Meereenese
Stark, is, White Walkers
Stark, coming, White Walkers
Stark, come, White Walkers
Yunkai, being, Targaryen
Yunkai, hole, Targaryen
Grenn, reciting, Night 's Watch
Bronn, sell, Jaime Lannister
Barristan, warns, Jorah Mormont
Barristan, be, Jorah Mormont
Barristan, be, Jorah Mormont
Barristan, seen, Jorah Mormont
Jorah Mormont, be, Westeros
Jorah Mormont, selling, Westeros
Jorah Mormont, is, Westeros
Jorah Mormont, abhorred, Westeros
Tyrion Lannister, examines, Joffrey Baratheon
Tyrion Lannister, is, Joffrey Baratheon
Tyrion Lannister, made, Joffrey Baratheon
Shae, sleep, Sansa Stark
Robb Stark, shown, Theon Greyjoy
Bronn, give, Tyrion Lannister
Podrick, served, Hot Pie
Podrick, made, Hot Pie
Jojen, muster, Bran Stark
Jojen, continue, Bran Stark
Bran Stark, revealing, Bran Stark
Bran Stark, found, Bran Stark
Jaime Lannister, decide, Targaryens
Jaime Lannister, either, Targaryens
Jaime Lannister, forge, Targaryens
Jaime Lannister, exist, Targaryens
Sansa Stark, is, Joffrey Baratheon
Sansa Stark, shaming, Joffrey Baratheon
Starks, is, Kevan Lannister
Starks, king, Kevan Lannister
Starks, double, Kevan Lannister
Starks, force, Kevan Lannister
Starks, contribute, Kevan Lannister
Starks, standing, Kevan Lannister
Starks, object, Kevan Lannister
Starks, crush, Kevan Lannister
Starks, install, Kevan Lannister
Edmure Tully, offer, Lannisters
Edmure Tully, lure, Lannisters
Jon Stark, alerting, Jon Stark
Jon Stark, flees, Jon Stark
Jon Stark, treaty, King-Beyond-the-Wall
Joffrey Baratheon, act, Sansa Stark
Sansa Stark, concludes, Anyone
Thoros, 's, Riverlands
Arya Stark, disfigured, Greyscale
Mance, ending, Castle Black
Pyp, heads, Castle Black
Cersei Lannister, getting, Robert Baratheon
Stannis Baratheon, is, Night 's Watch
Bran Stark, is, Raven
Arya Stark, sees, Melisandre
Olenna Tyrell, shed, Sparrows
Olenna Tyrell, 's, Sparrows
Olenna Tyrell, 's, Sparrows
Gilly, bringing, Castle Black
Gilly, keeping, Castle Black
Tyrion Lannister, stands, Tywin Lannister
Brienne, replies, Stark
Brienne, is, Stark
Shireen Baratheon, runs, Stannis Baratheon
Shireen Baratheon, gives, Stannis Baratheon
Wall, dispatching, Styr
Wall, catching, Styr
Arya Stark, find, Hound
Varys, sitting, Tyrion Lannister
Jon Stark, parley, Mance
Jon Stark, crests, Wall
Jon Stark, sees, Wall
Sam, beaten, Gilly
Qhorin, sacrifice, Jon Stark
Qhorin, facilitate, Jon Stark
Jon Stark, stuns, Jon Stark
Jon Stark, acquires, Jon Stark
Catelyn Stark, asks, Ned Stark
Ned Stark, cut, Old
Jon Stark, has, Jon Stark
Jon Stark, had, Jon Stark
Jorah Mormont, embedding, Son of the Harpy
Jon Stark, resupply, Stannis Baratheon
Jon Stark, reach, Stannis Baratheon
Jaime Lannister, find, Tyrion Lannister
Jaime Lannister, fight, Tyrion Lannister
Tyrion Lannister, train, Lord Commander of the Kingsguard
Tyrion Lannister, protect, Lord Commander of the Kingsguard
Sansa Stark, be, Reek
Sansa Stark, breathes, Reek
Edd, does, Jon Stark
Edd, care, Jon Stark
Jon Stark, rallies, Thorne
Jon Stark, try, Thorne
Jon Stark, take, Thorne
Aemon Targaryen, learning, Gilly
Arya Stark, is, Melisandre
Arya Stark, revealed, Melisandre
Eddison, withdraw, Haunted Forest
Robb Stark, demoralized, Lannisters
Robb Stark, find, Lannisters
Aemon Targaryen, is, Jon Stark
Aemon Targaryen, continued, Jon Stark
Sansa Stark, fighting, Loras Tyrell
Jaime Lannister, attacked, Sand Snakes
Thin, sells, Faceless Men
Thin, having, Faceless Men
Thin, been, Faceless Men
Thin, given, Faceless Men
Loras Tyrell, is, Mountain
Loras Tyrell, confuses, Mountain
Lysa Arryn, fight, Vardis Egen
Lysa Arryn, asks, Vardis Egen
Lysa Arryn, be, Vardis Egen
Tywin Lannister, is, Loras Tyrell
Tywin Lannister, do, Loras Tyrell
Tywin Lannister, is, Loras Tyrell
Tywin Lannister, told, Loras Tyrell
Jon Stark, kill, Ygritte
Jaime Lannister, fighting, Brienne
Jaime Lannister, wants, Brienne
Jaime Lannister, have, Brienne
Roose Bolton, sustain, North
Joffrey Baratheon, comes, Starks
Arya Stark, knows, Thoros
Arya Stark, use, Thoros
Tywin Lannister, inflict, Tywin Lannister
Jon Stark, looks, North
Jon Stark, witnessing, North
Barristan, vows, Aerys Targaryen
Barristan, 's, Aerys Targaryen
Barristan, serving, Aerys Targaryen
Jon Stark, burning, High Valyrian
Jon Stark, attempts, High Valyrian
Jon Stark, revive, High Valyrian
Jon Stark, using, High Valyrian
Robert Baratheon, be, Dondarrion
Robert Baratheon, fighting, Dondarrion
Doran Martell, send, Myrcella 's Lannister
Doran Martell, explains, Myrcella 's Lannister
Tywin Lannister, testify, Shae
Jon Stark, answer, Orell
Jon Stark, being, Orell
Jon Stark, threatened, Orell
Orell, saying, Castle Black
Orell, is, Castle Black
Jon Umber, is, Glover
Jon Umber, offended, Glover
Jon Umber, be, Glover
Jon Umber, made, Glover
Jon Umber, march, Glover
Sansa Stark, slaughter, Wildling
Tyrion Lannister, consider, Grey Worm
Jon Stark, 's, Mance
Rast, reaches, Ghost
Jon Stark, assumes, Mance Rayder
Barristan, have, Jorah Mormont
Barristan, learned, Jorah Mormont
Yunkai, either, Astapor
Cersei Lannister, defeated, Joffrey Baratheon
Gendry, has, Tobho Mott
Gendry, show, Tobho Mott
Samwell, be, Jon Stark
Ned Stark, travel, King 's Landing
Arya Stark, protect, Jaime Lannister
Arya Stark, do, Jaime Lannister
Arya Stark, sent, Jaime Lannister
Catelyn Stark, seize, Walder Frey
North, rally, Riverlords
North, return, Riverlords
North, defend, Riverlords
Grey Worm, growing, Meereen
Grey Worm, posing, Meereen
Melisandre, stakes, Lord of Light
Reek, leave, Ramsay Bolton
Bran Stark, starts, Leaf
Bran Stark, hauling, Leaf
Bran Stark, leading, Leaf
Qhorin, whispers, Wall
Qhorin, Jon, Wall
Wall, breathes, Jon Stark
Wall, signalling, Jon Stark
Wall, has, Jon Stark
Wall, done, Jon Stark
Jon Stark, find, Wall
Jon Stark, get, Wall
Tyrion Lannister, firmly, Daenerys Targaryen
Tyrion Lannister, believes, Daenerys Targaryen
Jon Arryn, fight, Hand
Cersei Lannister, seeing, Myrcella Baratheon
Cersei Lannister, wishes, Myrcella Baratheon
Cersei Lannister, see, Myrcella Baratheon
Cersei Lannister, happen, Myrcella Baratheon
Stannis Baratheon, usher, Stannis Baratheon
Stannis Baratheon, save, Westeros
Arya Stark, cauterize, Sandor Clegane
Arya Stark, is, Sandor Clegane
Arya Stark, rebuffed, Sandor Clegane
Petyr Baelish, think, Sansa Stark
Rickon Stark, Winterfell, Bran Stark
Rickon Stark, happen, Bran Stark
Jon Stark, missing, Fist
Jon Stark, catches, Melisandre
Alliser, following, Castle Black
Alliser, blows, Castle Black
Edmure Tully, make, Tyrell
Tyrion Lannister, negotiating, Robb Stark
Robb Stark, being, Lannister-Tyrell
Robb Stark, outnumbered, Lannister-Tyrell
Jon Stark, struggling, Tormund
Jon Stark, walk, Tormund
Jon Stark, comes, Tormund
Jon Stark, greets, Tormund
Mormont, is, Rast
Sansa Stark, is, Sandor Clegane
Sansa Stark, be, Sandor Clegane
Sansa Stark, raped, Sandor Clegane
Eddard Stark, refusing, Vale
Eddard Stark, consider, Vale
Eddard Stark, summoning, Vale
Jaime Lannister, cross, Green Fork of the River Trident
Barristan, commanding, Siege of Old Wyk
Oberyn Martell, goes, Gregor Clegane
Oberyn Martell, stabbing, Gregor Clegane
Bronn, dig, Jaime Lannister
Sansa Stark, is, Ramsay Bolton
Daenerys Targaryen, glowering, Mero
Arya Stark, re-enacting, War of the Five Kings
Barristan, says, Rhaegar Targaryen
Drogo, provides, Westeros
Locke, is, Wall
Locke, required, Wall
Locke, goes, Wall
Bran Stark, is, Summer
Tywin Lannister, complaining, Battle of the Blackwater
Tywin Lannister, rewarded, Battle of the Blackwater
Sansa Stark, expect, Tyrion Lannister
Sansa Stark, is, Tyrion Lannister
Arya Stark, upset, Yoren
Arya Stark, 's, Yoren
Arya Stark, seen, Yoren
Arya Stark, keep, Yoren
Arya Stark, behave, Yoren
Arya Stark, be, Yoren
Arya Stark, killed, Yoren
Tyrion Lannister, happen, Daenerys Targaryen
Tyrion Lannister, does, Daenerys Targaryen
Arya Stark, stitch, Sandor Clegane
Jon Stark, discovers, Aemon Targaryen
Euron Greyjoy, supports, Ironborn
Euron Greyjoy, expanding, Ironborn
Shae, is, Tyrion Lannister
Sansa Stark, seeing, Shae
Sansa Stark, poses, Shae
Grenn, claiming, Alliser
Jojen, swarm, Hodor
Lanna, pushing, Braavos
Jon Stark, dragged, Eddard Stark
Mero, observes, Daenerys Targaryen
Tywin Lannister, intended, Theon Greyjoy
Mace Tyrell, is, Cersei Lannister
Cersei Lannister, takes, Cersei Lannister
Theon Greyjoy, declare, King of the Iron Islands
Sansa Stark, says, Jaime Lannister
Lannisters, afford, Robb Stark
Lannisters, be, Robb Stark
Lannisters, grind, Robb Stark
Loras Tyrell, marriage, Highgarden
Ygritte, is, Lords
Jaime Lannister, is, Catelyn Stark
Jaime Lannister, complicated, Catelyn Stark
Melisandre, uttering, Lord Commander
Tyrion Lannister, act, Renly Baratheon
Jaime Lannister, save, Jaime Lannister
Piggy, be, Sam
Theon Greyjoy, pointing, Theon Greyjoy
Theon Greyjoy, laughing, Theon Greyjoy
Jon Stark, saying, Thorne
Qhorin, protect, Night 's Watch
Baelish, asks, Vale
Baelish, rely, Vale
Shae, is, Pentos
Shae, waiting, Pentos
Bran Stark, is, Weirwood
Bran Stark, warg, Weirwood
Balon Greyjoy, fighting, Lannisters
Varys, is, Shae
Varys, do, Shae
Hound, taking, Arya Stark
Hodor, say, Hodor
Sandor Clegane, fund, Beric
Sandor Clegane, returning, Beric
Aerys Targaryen, like, Hands
Bran Stark, bypass, White Walkers
Bran Stark, keeping, White Walkers
Drogo, been, Rhaego
Yara Greyjoy, rule, Aeron Greyjoy
Joffrey Baratheon, mean, Robb Stark
Bran Stark, interrupted, Meera Reed
Robb Stark, confront, Tywin Lannister
Tyrion Lannister, struggle, Tyrion Lannister
Bran Stark, is, Osha
Bran Stark, approached, Osha
Tywin Lannister, promises, Oberyn Martell
Tywin Lannister, arrange, Oberyn Martell
Tywin Lannister, is, Varys
Robb Stark, Riverrun, Roose Bolton
Wall, is, Haunted Forest
Wall, going, Haunted Forest
Samwell, says, Oldtown
Samwell, wait, Oldtown
Cersei Lannister, has, Jaime Lannister
Cersei Lannister, changed, Jaime Lannister
Pod, watch, Tywin Lannister
Pod, being, Tywin Lannister
Pypar, sent, Watch
Jaime Lannister, drove, Aerys Targaryen
Bran Stark, sees, Army of the Dead
Bran Stark, has, Cripples
Arya Stark, brings, Meryn
Narrow Sea, find, Free Cities
Daenerys Targaryen, is, Drogo
Daenerys Targaryen, surprised, Drogo
Drogo, starts, Dothraki
Drogo, using, Dothraki
Lord of Light, tempted, Jon Stark
Jon Stark, citing, Stannis Baratheon
Myrcella Baratheon, betrothed, Trystane Martell
Jon Stark, is, Night 's Watch
Jon Stark, doing, Night 's Watch
Jon Stark, is, Night 's Watch
Theon Greyjoy, be, Reek
Jon Stark, ignoring, First Men
Jaime Lannister, getting, Maester
Robb Stark, won, Lannisters
Ramsay Bolton, makes, Reek
Ramsay Bolton, seem, Reek
Ramsay Bolton, 's, Reek
Ramsay Bolton, going, Reek
Sam, researching, White Walkers
Wall, hold, Walkers
Karstark, is, Robb Stark
Karstark, letting, Robb Stark
Karstark, be, Robb Stark
Karstark, killing, Robb Stark
Myrcella Baratheon, says, Dorne
Robb Stark, allow, Robb Stark
Robb Stark, cross, Robb Stark
Robb Stark, commit, Robb Stark
Grey Worm, go, Jorah Mormont
Wall, return, Castle Black of the White Walker
Eddard Stark, asks, Hound
Sam, return, Jon Stark
Arya Stark, is, Jaqen H'ghar
Arya Stark, rejected, Jaqen H'ghar
Arya Stark, showing, Jaqen H'ghar
Stannis Baratheon, go, Maester
Stannis Baratheon, hell, Maester
Stannis Baratheon, summoned, Maester
Jorah Mormont, killing, Dany
Jaime Lannister, yelling, Stark
Arya Stark, herded, Lannister
Varys, being, Melisandre
Tyrion Lannister, support, Westeros
Missandei, being, Grey Worm
Missandei, given, Grey Worm
Missandei, ambushed, Grey Worm
Missandei, outnumbered, Grey Worm
Tyrion Lannister, dreamed, Daenerys Targaryen
Tyrion Lannister, stopping, Daenerys Targaryen
Cersei Lannister, is, Tywin Lannister
Bran Stark, continue, Jon Stark
Bran Stark, reach, Jon Stark
Unella, rings, Faith Militant
Viserys Targaryen, tremble, Viserys Targaryen
Viserys Targaryen, behold, Viserys Targaryen
Robb Stark, debating, Tywin Lannister
Robb Stark, march, Tywin Lannister
Sansa Stark, is, Sansa Stark
Sansa Stark, trying, Sansa Stark
Sansa Stark, brighten, Sansa Stark
Sansa Stark, is, Sansa Stark
Sansa Stark, reminded, Sansa Stark
Thoros, pay, Hot Pie
Ros, has, Littlefinger
Ros, been, Littlefinger
Ros, spying, Littlefinger
Tyrion Lannister, be, Sansa Stark
Tyrion Lannister, break, Sansa Stark
Stannis Baratheon, get, Tywin Lannister
King, angered, Hand
King, has, Hand
King, become, Hand
Cersei Lannister, change, Sparrows
Cersei Lannister, exploiting, Sparrows
Sandor Clegane, kill, House Clegane
Sandor Clegane, being, House Clegane
Sandor Clegane, born, House Clegane
Twins, turned, Frey
Jon Stark, act, Halfhand
Roose Bolton, rule, North
Stannis Baratheon, improves, Boltons
Sansa Stark, is, Roose Bolton
Sansa Stark, declares, Roose Bolton
Sansa Stark, die, Roose Bolton
Meryn, is, Jaime Lannister
Meryn, keeping, Jaime Lannister
Jaime Lannister, doing, Tyrells
Arya Stark, drawing, Yoren
Arya Stark, save, Yoren
Arya Stark, have, Stark
Arya Stark, been, Stark
Ramsay Bolton, is, Sansa Stark
Ramsay Bolton, hoping, Sansa Stark
Daenerys Targaryen, reminds, Drogo
Hound, recognized, Podrick
Lysa Arryn, scream, Narrow Sea
Lysa Arryn, be, Narrow Sea
Lysa Arryn, hear, Narrow Sea
Jon Stark, carry, Castle Black
Tyrion Lannister, testify, Tyrion Lannister
Sansa Stark, take, Vale of Arryn
Thoros, asks, Lord of Light
Daenerys Targaryen, asks, Unsullied
Daenerys Targaryen, fly, Valahd
Jon Stark, hold, Grenn
Jon Stark, sends, Grenn
Jon Stark, led, Grenn
Jorah Mormont, speak, Barristan
Mycah, question, Joffrey Baratheon
Cersei Lannister, return, Storm 's End
Winterfell, bringing, Theon Greyjoy
Jaime Lannister, does, Stark
Myrcella Baratheon, see, Jaime Lannister
Aeron Greyjoy, is, Kingsmoot
Aeron Greyjoy, says, Kingsmoot
Jon Stark, acknowledging, Wall
Jon Stark, talks, Wall
Jon Stark, admits, Wall
Jon Stark, living, Wall
Jon Stark, eating, Wall
Jon Stark, climbing, Wall
Bronn, gets, Jaime Lannister
Bran Stark, runs, Tower
Sansa Stark, stained, Tyrion Lannister
Melisandre, wants, Robb Stark
Winterfell, become, Stark
The Fingers, married, Ramsay Bolton
Sam, reloading, Pypar
Locke, left, Bolton
Bolton, resist, Jaime Lannister
Bolton, poking, Jaime Lannister
Jaime Lannister, 'take, Brienne
Ellaria, knowing, Dorne
Dorne, mutilating, Sand Snakes
Daenerys Targaryen, flanked, Razdal
Daenerys Targaryen, tosses, Razdal
Styr, wants, Jon Snow
Ygritte, loves, Watch
Ygritte, have, Watch
Ygritte, known, Watch
Jorah Mormont, is, Daenerys Targaryen
Tormund, is, Jon Stark
Tormund, subdued, Jon Stark
Brienne, defend, The Bear
Sansa Stark, making, Shae
Sansa Stark, headed, Shae
Samwell Tarly, save, Hardhome
Varys, remain, Cersei Lannister
Varys, is, Cersei Lannister
Varys, be, Cersei Lannister
Varys, seen, Cersei Lannister
Ramsay Bolton, shows, Broken Tower
Ramsay Bolton, help, Broken Tower
Ramsay Bolton, Sansa, Broken Tower
Cersei Lannister, be, High Septon
Cersei Lannister, arrested, High Septon
Cersei Lannister, executed, High Septon
Jorah Mormont, explains, Westeros
Arya Stark, realizes, Starks
Beric, explain, Beric
Beric, says, Beric
Beric, is, Beric
Beric, 's, Lord of Light
Petyr Baelish, sits, Tywin Lannister
Jon Stark, insisting, Castle Black
Jon Stark, be, Castle Black
Jon Stark, dealt, Castle Black
Sansa Stark, indulges, Lysa Arryn
Sansa Stark, becomes, Lysa Arryn
Meereen, throw, Daario
Margaery Tyrell, rubs, Cersei Lannister
Hand, investigate, King
Tywin Lannister, listen, Grand Maester Pycelle
Arya Stark, deflect, Waif
Arya Stark, leap, Waif
Arya Stark, surprising, Waif
Hound, asks, Stark
Hound, doing, Stark
Tywin Lannister, advised, Joffrey Baratheon
Tywin Lannister, says, Joffrey Baratheon
Jon Stark, is, Tyrion Lannister
Jon Stark, defused, Tyrion Lannister
Catelyn Stark, praying, Bran Stark
Missandei, is, Dany
Missandei, dressed, Dany
Littlefinger, has, Lannister-Tyrell
Littlefinger, brokering, Lannister-Tyrell
Arya Stark, join, Faceless Men
Sansa Stark, does, Jon Stark
Sansa Stark, act, Jon Stark
Sansa Stark, stating, Jon Stark
Sansa Stark, rise, Jon Stark
Sansa Stark, informing, Jon Stark
Locke, offers, Locke
Locke, pay, Locke
Locke, wants, Locke
Locke, getting, Brienne
Dornish, knows, Podrick
Brienne, flees, Catelyn Stark
Tyrion Lannister, having, Lollys Stokeworth
Tyrion Lannister, been, Lollys Stokeworth
Tyrion Lannister, betrothed, Lollys Stokeworth
Beric, be, Sandor Clegane
Arya Stark, standing, Syrio
Mance, attempting, Grenn
Mance, breach, Grenn
Sandor Clegane, inflicted, Gregor Clegane
Theon Greyjoy, sleeping, Osha
Daenerys Targaryen, impales, Pyat Pree
Daenerys Targaryen, hisses, Pyat Pree
Daenerys Targaryen, baring, Pyat Pree
North, call, Who Lost the North
Lysa Arryn, changing, Littlefinger
Alliser, betray, Commander
Jaime Lannister, reveals, Dorne
Robb Stark, takes, Harrenhal
Melisandre, gives, Davos
Melisandre, made, Davos
Joffrey Baratheon, matter, Lannister
Lannister, want, Tyrion Lannister
Lannister, rape, Tyrion Lannister
Harrenhal, damaged, Targaryen Conquest
Robb Stark, interrogates, Jaime Lannister
Catelyn Stark, delivered, Luwin
Trystane Martell, take, Small Council
Baelish, believe, Lysa Arryn
Tyrion Lannister, pass, Old Valyria
Ramsay Snow, leave, North
Jaime Lannister, tell, Tywin Lannister
Tywin Lannister, mean, Tommen Baratheon
Tyrion Lannister, doing, Catelyn Stark
Eddard Stark, trade, Varys
Eddard Stark, appears, Varys
Eddard Stark, have, Varys
Jon Stark, commit, Night 's Watch
Dany, reconcile, Westeros
Sansa Stark, forces, Sansa Stark
Sansa Stark, apologize, Sansa Stark
Jorah Mormont, be, Unsullied
Jorah Mormont, treated, Unsullied
Jorah Mormont, be, Unsullied
Jorah Mormont, spared, Unsullied
Ygritte, steals, Longclaw
Prince, departs, Doran Martell
Prince, indicating, Doran Martell
Doran Martell, returns, Water Gardens
Jaqen, know, Waif
Jaqen, is, Waif
Jaqen, going, Waif
Cersei Lannister, remains, Kingsguard
Cersei Lannister, deduces, Kingsguard
Cersei Lannister, command, Kingsguard
Drogo, needs, Robert Baratheon
Drogo, retake, Robert Baratheon
Sam, Jon, Alliser Thorne
Sam, orchestrated, Alliser Thorne
Jon Stark, is, Lord Commander
Edmure Tully, keep, Karstarks
Edmure Tully, hostage, Karstarks
Edmure Tully, tell, Karstarks
Westerlands, defend, Baratheons
Eddard Stark, using, Valyrian
Bronn, Tyrion, Sansa Stark
Sansa Stark, placate, Shae
Sansa Stark, keep, Shae
Sansa Stark, having, Shae
Loras Tyrell, belong, Highgarden
Balon Greyjoy, continue, Yara Greyjoy
Balon Greyjoy, fighting, Yara Greyjoy
North, hold, Ironborn
Yara Greyjoy, leave, Dreadfort
Eddard Stark, made, Will
Arya Stark, makes, Meryn
Arya Stark, spies, Meryn
Bran Stark, facing, Robb Stark
Jon Stark, leaving, Jon Stark
Jon Stark, make, Jon Stark
Jon Stark, countenance, Jon Stark
Jon Stark, know, Robb Stark
Tommen Baratheon, standing, Loras Tyrell
Tommen Baratheon, demands, Loras Tyrell
Doran Martell, says, Myrcella Baratheon
Doran Martell, knows, Myrcella Baratheon
Jaime Lannister, is, Oberyn Martell
Bran Stark, get, Hodor
Dorne, land, Sunspear
Varys, help, Cersei Lannister
Varys, has, Cersei Lannister
Catelyn Stark, threatens, Walder Frey
Catelyn Stark, kill, Walder Frey
Shae, telling, Sansa Stark
Shae, breaking, Sansa Stark
Jon Stark, has, Lady
Jon Stark, found, Lady
Umber, king, Robb Stark
Sansa Stark, being, Stark
Sansa Stark, seems, Stark
Sansa Stark, gain, Stark
Wall, led, Tormund Giantsbane
Theon Greyjoy, is, Stony Shore
Theon Greyjoy, assigned, Stony Shore
Theon Greyjoy, raid, Stony Shore
Jon Stark, hands, Edd
Wall, be, Seven Kingdoms
Tywin Lannister, need, Northerners
Tywin Lannister, attack, Northerners
Theon Greyjoy, believing, Ramsay Bolton
Theon Greyjoy, is, Ramsay Bolton
Theon Greyjoy, played, Ramsay Bolton
Tywin Lannister, is, Joffrey Baratheon
Jorah Mormont, seems, Kinslaying
Sansa Stark, hate, Joffrey Baratheon
Sansa Stark, has, Joffrey Baratheon
Olenna Tyrell, given, Joffrey Baratheon
Olenna Tyrell, been, Joffrey Baratheon
Olenna Tyrell, circulating, Joffrey Baratheon
Sam, serve, Wall
Robb Stark, reaffirms, Drowned Priest
Robb Stark, being, Drowned Priest
Robb Stark, baptised, Drowned Priest
Sandor Clegane, following, Mycah
Mycah, give, Dondarrion
Gilly, dining, Sam
Viserys Targaryen, strike, Dragon
Viserys Targaryen, calling, Dragon
Viserys Targaryen, warning, Dragon
Viserys Targaryen, 's, Dragon
Viserys Targaryen, awoken, Dragon
Lysa Arryn, is, Vale
Vale, want, Vale
Vale, stay, Vale
Theon Greyjoy, urges, Ironborn
Theon Greyjoy, do, Ironborn
Theon Greyjoy, stressing, Ironborn
Theon Greyjoy, is, Ironborn
Theon Greyjoy, secede, Iron Islands
Kraznys, afford, Unsullied
